region;year;tot_indust
AT111;2008;929
AT111;2010;1457
AT111;2012;1586
AT111;2018;1419
AT112;2008;6397
AT112;2010;5222
AT112;2012;7869
AT112;2018;7076
AT113;2008;3043
AT113;2010;3100
AT113;2012;3159
AT113;2018;3445
AT121;2008;13033
AT121;2010;12844
AT121;2012;12479
AT121;2018;17884
AT122;2008;8722
AT122;2010;8223
AT122;2012;7861
AT122;2018;13639
AT123;2008;7808
AT123;2010;7496
AT123;2012;7551
AT123;2018;8112
AT124;2008;9381
AT124;2010;8308
AT124;2012;8192
AT124;2018;9969
AT125;2008;5664
AT125;2010;3797
AT125;2012;4208
AT125;2018;4981
AT126;2008;24929
AT126;2010;15848
AT126;2012;16816
AT126;2018;19996
AT127;2008;15161
AT127;2010;11597
AT127;2012;12890
AT127;2018;19720
AT130;2008;28357
AT130;2010;28107
AT130;2012;26038
AT130;2018;28317
AT211;2008;10267
AT211;2010;10176
AT211;2012;7915
AT211;2018;9415
AT212;2008;4745
AT212;2010;5475
AT212;2012;4202
AT212;2018;4343
AT213;2008;9603
AT213;2010;7253
AT213;2012;6431
AT213;2018;10539
AT221;2008;12116
AT221;2010;11968
AT221;2012;15507
AT221;2018;20348
AT222;2008;4242
AT222;2010;3996
AT222;2012;4604
AT222;2018;3850
AT223;2008;7880
AT223;2010;7775
AT223;2012;6336
AT223;2018;10979
AT224;2008;9486
AT224;2010;10351
AT224;2012;10193
AT224;2018;12865
AT225;2008;8233
AT225;2010;6619
AT225;2012;8211
AT225;2018;8897
AT226;2008;6389
AT226;2010;5340
AT226;2012;5111
AT226;2018;6917
AT311;2008;12504
AT311;2010;11455
AT311;2012;13434
AT311;2018;13808
AT312;2008;26785
AT312;2010;25054
AT312;2012;24865
AT312;2018;28066
AT313;2008;6642
AT313;2010;8097
AT313;2012;7916
AT313;2018;6950
AT314;2008;7545
AT314;2010;6375
AT314;2012;6732
AT314;2018;9550
AT315;2008;11929
AT315;2010;9842
AT315;2012;11172
AT315;2018;11172
AT321;2008;1365
AT321;2010;1142
AT321;2012;902
AT321;2018;1087
AT322;2008;9127
AT322;2010;9189
AT322;2012;8787
AT322;2018;10927
AT323;2008;16795
AT323;2010;12822
AT323;2012;13000
AT323;2018;14115
AT331;2008;1018
AT331;2010;893
AT331;2012;1160
AT331;2018;2058
AT332;2008;7747
AT332;2010;8296
AT332;2012;9083
AT332;2018;10210
AT333;2008;2220
AT333;2010;1430
AT333;2012;2303
AT333;2018;2441
AT334;2008;4655
AT334;2010;4691
AT334;2012;3638
AT334;2018;6342
AT335;2008;13126
AT335;2010;12719
AT335;2012;11576
AT335;2018;13884
AT341;2008;3862
AT341;2010;3998
AT341;2012;4411
AT341;2018;4683
AT342;2008;10372
AT342;2010;9019
AT342;2012;9237
AT342;2018;9518
BE100;2008;6053
BE100;2010;4949
BE100;2012;5494
BE100;2018;7227
BE211;2008;25981
BE211;2010;25229
BE211;2012;24268
BE211;2018;25053
BE212;2008;9186
BE212;2010;9751
BE212;2012;8386
BE212;2018;9078
BE213;2008;13324
BE213;2010;11868
BE213;2012;14330
BE213;2018;13701
BE221;2008;12481
BE221;2010;10902
BE221;2012;11457
BE221;2018;11821
BE222;2008;6680
BE222;2010;5543
BE222;2012;5714
BE222;2018;6057
BE223;2008;4476
BE223;2010;3787
BE223;2012;4540
BE223;2018;3042
BE231;2008;5255
BE231;2010;5761
BE231;2012;5177
BE231;2018;5722
BE232;2008;3840
BE232;2010;4247
BE232;2012;4705
BE232;2018;5467
BE233;2008;1845
BE233;2010;2247
BE233;2012;2569
BE233;2018;2717
BE234;2008;18414
BE234;2010;20717
BE234;2012;15090
BE234;2018;13961
BE235;2008;2154
BE235;2010;2072
BE235;2012;2332
BE235;2018;2522
BE236;2008;7819
BE236;2010;7301
BE236;2012;8264
BE236;2018;7492
BE241;2008;13758
BE241;2010;13987
BE241;2012;12678
BE241;2018;14193
BE242;2008;7221
BE242;2010;7528
BE242;2012;7598
BE242;2018;6713
BE251;2008;10411
BE251;2010;8833
BE251;2012;9669
BE251;2018;9496
BE252;2008;2063
BE252;2010;2220
BE252;2012;2341
BE252;2018;2641
BE253;2008;4036
BE253;2010;3667
BE253;2012;5142
BE253;2018;3946
BE254;2008;8183
BE254;2010;7587
BE254;2012;8142
BE254;2018;7593
BE255;2008;3110
BE255;2010;5447
BE255;2012;3142
BE255;2018;4208
BE256;2008;6031
BE256;2010;6115
BE256;2012;6664
BE256;2018;7133
BE257;2008;4661
BE257;2010;4671
BE257;2012;5019
BE257;2018;6287
BE258;2008;1903
BE258;2010;4382
BE258;2012;1772
BE258;2018;1191
BE310;2008;8055
BE310;2010;7170
BE310;2012;6243
BE310;2018;10927
BE321;2008;2051
BE321;2010;1853
BE321;2012;1936
BE321;2018;989
BE322;2008;8354
BE322;2010;6088
BE322;2012;6359
BE322;2018;4789
BE323;2008;4128
BE323;2010;4161
BE323;2012;5620
BE323;2018;2713
BE324;2008;2379
BE324;2010;1929
BE324;2012;2121
BE324;2018;1993
BE325;2008;2717
BE325;2010;2688
BE325;2012;2412
BE325;2018;1662
BE326;2008;1569
BE326;2010;1088
BE326;2012;1321
BE326;2018;1328
BE327;2008;4256
BE327;2010;4475
BE327;2012;4600
BE327;2018;3412
BE331;2008;5491
BE331;2010;3342
BE331;2012;3984
BE331;2018;2339
BE332;2008;9745
BE332;2010;5585
BE332;2012;7877
BE332;2018;9363
BE334;2008;1020
BE334;2010;1338
BE334;2012;1221
BE334;2018;632
BE335;2008;2520
BE335;2010;1924
BE335;2012;3285
BE335;2018;3968
BE336;2008;1239
BE336;2010;1114
BE336;2012;1322
BE336;2018;1037
BE341;2008;586
BE341;2010;522
BE341;2012;856
BE341;2018;996
BE342;2008;1837
BE342;2010;931
BE342;2012;942
BE342;2018;1316
BE343;2008;924
BE343;2010;564
BE343;2012;976
BE343;2018;864
BE344;2008;1285
BE344;2010;2223
BE344;2012;1652
BE344;2018;597
BE345;2008;730
BE345;2010;502
BE345;2012;624
BE345;2018;783
BE351;2008;1746
BE351;2010;1743
BE351;2012;2043
BE351;2018;1190
BE352;2008;9406
BE352;2010;8337
BE352;2012;8684
BE352;2018;3921
BE353;2008;706
BE353;2010;663
BE353;2012;560
BE353;2018;1129
BG311;2008;856
BG311;2010;757
BG311;2012;652
BG311;2018;845
BG312;2008;2844
BG312;2010;2352
BG312;2012;709
BG312;2018;1920
BG313;2008;2814
BG313;2010;1035
BG313;2012;2334
BG313;2018;4289
BG314;2008;8449
BG314;2010;3189
BG314;2012;3402
BG314;2018;2396
BG315;2008;2329
BG315;2010;1964
BG315;2012;2313
BG315;2018;578
BG321;2008;3658
BG321;2010;3375
BG321;2012;2946
BG321;2018;3271
BG322;2008;2050
BG322;2010;668
BG322;2012;1409
BG322;2018;3406
BG323;2008;3415
BG323;2010;4336
BG323;2012;2973
BG323;2018;3116
BG324;2008;2324
BG324;2010;1488
BG324;2012;2158
BG324;2018;2067
BG325;2008;3063
BG325;2010;1686
BG325;2012;1578
BG325;2018;1055
BG331;2008;18583
BG331;2010;12009
BG331;2012;10507
BG331;2018;16364
BG332;2008;2813
BG332;2010;2269
BG332;2012;2818
BG332;2018;2541
BG333;2008;3996
BG333;2010;2749
BG333;2012;4554
BG333;2018;4480
BG334;2008;3835
BG334;2010;2117
BG334;2012;3058
BG334;2018;2580
BG341;2008;14817
BG341;2010;9218
BG341;2012;8001
BG341;2018;11553
BG342;2008;2539
BG342;2010;2024
BG342;2012;3526
BG342;2018;1769
BG343;2008;2474
BG343;2010;1243
BG343;2012;5841
BG343;2018;1135
BG344;2008;9926
BG344;2010;6605
BG344;2012;9138
BG344;2018;6125
BG411;2008;22581
BG411;2010;17183
BG411;2012;11258
BG411;2018;8989
BG412;2008;8084
BG412;2010;10332
BG412;2012;10882
BG412;2018;7057
BG413;2008;9298
BG413;2010;4206
BG413;2012;5272
BG413;2018;6327
BG414;2008;2486
BG414;2010;4026
BG414;2012;2998
BG414;2018;1530
BG415;2008;5705
BG415;2010;1888
BG415;2012;1383
BG415;2018;1049
BG421;2008;10465
BG421;2010;8960
BG421;2012;8212
BG421;2018;15115
BG422;2008;6831
BG422;2010;3520
BG422;2012;5480
BG422;2018;4771
BG423;2008;3436
BG423;2010;4341
BG423;2012;2879
BG423;2018;3963
BG424;2008;2716
BG424;2010;1707
BG424;2012;1722
BG424;2018;1785
BG425;2008;6206
BG425;2010;2846
BG425;2012;4173
BG425;2018;1816
CH011;2008;19425
CH011;2010;16956
CH011;2012;20002
CH011;2018;24292
CH012;2008;11189
CH012;2010;10736
CH012;2012;12606
CH012;2018;13276
CH013;2008;8704
CH013;2010;7631
CH013;2012;9235
CH013;2018;5493
CH021;2008;33899
CH021;2010;34480
CH021;2012;36200
CH021;2018;33671
CH022;2008;13125
CH022;2010;11061
CH022;2012;12688
CH022;2018;16455
CH023;2008;9713
CH023;2010;8392
CH023;2012;11883
CH023;2018;10893
CH024;2008;2428
CH024;2010;1642
CH024;2012;4563
CH024;2018;4201
CH025;2008;2673
CH025;2010;2309
CH025;2012;3203
CH025;2018;2072
CH031;2008;3722
CH031;2010;4537
CH031;2012;4092
CH031;2018;3708
CH032;2008;9493
CH032;2010;9516
CH032;2012;9803
CH032;2018;13902
CH033;2008;23221
CH033;2010;22590
CH033;2012;23206
CH033;2018;21430
CH040;2008;46561
CH040;2010;42044
CH040;2012;37533
CH040;2018;39714
CH051;2008;2755
CH051;2010;2975
CH051;2012;2952
CH051;2018;921
CH052;2008;2139
CH052;2010;1866
CH052;2012;1682
CH052;2018;1856
CH053;2008;865
CH053;2010;1698
CH053;2012;1780
CH053;2018;713
CH054;2008;946
CH054;2010;437
CH054;2012;1031
CH054;2018;1172
CH055;2008;17635
CH055;2010;21263
CH055;2012;21317
CH055;2018;23713
CH056;2008;11238
CH056;2010;9806
CH056;2012;8882
CH056;2018;10762
CH057;2008;11591
CH057;2010;9619
CH057;2012;12276
CH057;2018;8440
CH061;2008;16417
CH061;2010;18370
CH061;2012;20673
CH061;2018;19450
CH062;2008;1896
CH062;2010;2787
CH062;2012;3753
CH062;2018;3150
CH063;2008;6932
CH063;2010;9137
CH063;2012;6195
CH063;2018;9930
CH064;2008;1155
CH064;2010;1566
CH064;2012;3907
CH064;2018;1315
CH065;2008;2323
CH065;2010;2058
CH065;2012;2473
CH065;2018;1602
CH066;2008;4273
CH066;2010;4973
CH066;2012;4009
CH066;2018;3116
CH070;2008;11089
CH070;2010;10828
CH070;2012;11553
CH070;2018;8162
CY000;2008;41601
CY000;2010;32216
CY000;2012;22941
CY000;2018;29280
CZ010;2008;32796
CZ010;2010;26377
CZ010;2012;17802
CZ010;2018;25854
CZ020;2008;57006
CZ020;2010;53786
CZ020;2012;49292
CZ020;2018;73564
CZ031;2008;21070
CZ031;2010;18750
CZ031;2012;21222
CZ031;2018;37021
CZ032;2008;26023
CZ032;2010;18778
CZ032;2012;18207
CZ032;2018;35343
CZ041;2008;12515
CZ041;2010;11541
CZ041;2012;8520
CZ041;2018;11781
CZ042;2008;35309
CZ042;2010;27179
CZ042;2012;29687
CZ042;2018;31440
CZ051;2008;13791
CZ051;2010;11155
CZ051;2012;8752
CZ051;2018;16068
CZ052;2008;18524
CZ052;2010;13200
CZ052;2012;14299
CZ052;2018;24903
CZ053;2008;18915
CZ053;2010;12911
CZ053;2012;12494
CZ053;2018;16323
CZ063;2008;20724
CZ063;2010;16185
CZ063;2012;11010
CZ063;2018;27949
CZ064;2008;39836
CZ064;2010;28307
CZ064;2012;26105
CZ064;2018;47715
CZ071;2008;23168
CZ071;2010;18055
CZ071;2012;22286
CZ071;2018;33948
CZ072;2008;13968
CZ072;2010;12048
CZ072;2012;10689
CZ072;2018;20880
CZ080;2008;48737
CZ080;2010;33118
CZ080;2012;30974
CZ080;2018;43896
DE111;2008;11533
DE111;2010;13382
DE111;2012;13336
DE111;2018;17388
DE112;2008;13188
DE112;2010;11134
DE112;2012;14691
DE112;2018;15480
DE113;2008;13808
DE113;2010;12980
DE113;2012;14453
DE113;2018;17200
DE114;2008;7930
DE114;2010;6648
DE114;2012;7162
DE114;2018;9713
DE115;2008;17058
DE115;2010;14154
DE115;2012;16664
DE115;2018;18972
DE116;2008;8280
DE116;2010;7280
DE116;2012;7613
DE116;2018;9584
DE117;2008;917
DE117;2010;5981
DE117;2012;5139
DE117;2018;7101
DE118;2008;19108
DE118;2010;14037
DE118;2012;14980
DE118;2018;16887
DE119;2008;5895
DE119;2010;4229
DE119;2012;5513
DE119;2018;5612
DE11A;2008;10127
DE11A;2010;10112
DE11A;2012;10397
DE11A;2018;12263
DE11B;2008;4887
DE11B;2010;4624
DE11B;2012;3489
DE11B;2018;5041
DE11C;2008;5878
DE11C;2010;4447
DE11C;2012;6017
DE11C;2018;6168
DE11D;2008;8161
DE11D;2010;8698
DE11D;2012;9010
DE11D;2018;12031
DE121;2008;1617
DE121;2010;1030
DE121;2012;1666
DE121;2018;631
DE122;2008;1679
DE122;2010;6328
DE122;2012;7235
DE122;2018;8168
DE123;2008;18828
DE123;2010;11296
DE123;2012;12085
DE123;2018;15075
DE124;2008;10523
DE124;2010;8982
DE124;2012;10508
DE124;2018;13873
DE125;2008;2586
DE125;2010;2095
DE125;2012;1887
DE125;2018;2413
DE126;2008;13630
DE126;2010;13109
DE126;2012;13679
DE126;2018;14400
DE127;2008;3952
DE127;2010;2869
DE127;2012;4096
DE127;2018;5461
DE128;2008;15987
DE128;2010;16082
DE128;2012;14241
DE128;2018;15338
DE129;2008;3035
DE129;2010;1695
DE129;2012;3067
DE129;2018;2999
DE12A;2008;2941
DE12A;2010;3623
DE12A;2012;3223
DE12A;2018;4533
DE12B;2008;6616
DE12B;2010;4720
DE12B;2012;6656
DE12B;2018;6594
DE12C;2008;4503
DE12C;2010;3149
DE12C;2012;3117
DE12C;2018;4950
DE131;2008;3357
DE131;2010;3487
DE131;2012;4531
DE131;2018;6231
DE132;2008;7577
DE132;2010;6811
DE132;2012;8295
DE132;2018;9545
DE133;2008;4837
DE133;2010;3353
DE133;2012;4039
DE133;2018;3932
DE134;2008;18213
DE134;2010;16967
DE134;2012;18250
DE134;2018;20558
DE135;2008;3891
DE135;2010;3835
DE135;2012;4149
DE135;2018;7158
DE136;2008;7703
DE136;2010;6272
DE136;2012;6257
DE136;2018;7949
DE137;2008;5089
DE137;2010;3946
DE137;2012;4223
DE137;2018;5604
DE138;2008;7639
DE138;2010;5748
DE138;2012;8580
DE138;2018;8833
DE139;2008;5739
DE139;2010;5573
DE139;2012;6186
DE139;2018;6090
DE13A;2008;5090
DE13A;2010;5551
DE13A;2012;4263
DE13A;2018;4882
DE141;2008;8104
DE141;2010;6467
DE141;2012;7155
DE141;2018;10474
DE142;2008;3447
DE142;2010;2660
DE142;2012;4860
DE142;2018;4649
DE143;2008;7511
DE143;2010;5411
DE143;2012;6744
DE143;2018;6569
DE144;2008;6391
DE144;2010;5262
DE144;2012;5921
DE144;2018;8749
DE145;2008;10020
DE145;2010;10628
DE145;2012;9284
DE145;2018;13344
DE146;2008;10631
DE146;2010;8376
DE146;2012;10144
DE146;2018;10594
DE147;2008;4076
DE147;2010;4060
DE147;2012;6209
DE147;2018;6228
DE148;2008;11650
DE148;2010;10046
DE148;2012;11085
DE148;2018;12117
DE149;2008;4785
DE149;2010;5217
DE149;2012;5882
DE149;2018;6521
DE211;2008;6804
DE211;2010;5990
DE211;2012;7458
DE211;2018;6767
DE212;2008;22119
DE212;2010;17941
DE212;2012;21001
DE212;2018;21811
DE213;2008;1647
DE213;2010;1558
DE213;2012;1515
DE213;2018;1671
DE214;2008;5872
DE214;2010;3362
DE214;2012;4732
DE214;2018;7977
DE215;2008;3530
DE215;2010;2735
DE215;2012;3166
DE215;2018;3880
DE216;2008;3108
DE216;2010;2862
DE216;2012;2618
DE216;2018;3475
DE217;2008;4641
DE217;2010;3911
DE217;2012;3707
DE217;2018;5085
DE218;2008;5816
DE218;2010;4796
DE218;2012;4118
DE218;2018;4943
DE219;2008;6803
DE219;2010;6756
DE219;2012;6957
DE219;2018;8909
DE21A;2008;6146
DE21A;2010;5169
DE21A;2012;4907
DE21A;2018;11390
DE21B;2008;8997
DE21B;2010;9012
DE21B;2012;11235
DE21B;2018;12164
DE21C;2008;5628
DE21C;2010;4995
DE21C;2012;3737
DE21C;2018;5122
DE21D;2008;2157
DE21D;2010;1414
DE21D;2012;1496
DE21D;2018;1901
DE21E;2008;7310
DE21E;2010;3035
DE21E;2012;4808
DE21E;2018;5892
DE21F;2008;3024
DE21F;2010;1751
DE21F;2012;2589
DE21F;2018;3087
DE21G;2008;3680
DE21G;2010;4128
DE21G;2012;3646
DE21G;2018;5349
DE21H;2008;14907
DE21H;2010;9577
DE21H;2012;11558
DE21H;2018;14600
DE21I;2008;6304
DE21I;2010;5391
DE21I;2012;5983
DE21I;2018;7585
DE21J;2008;6858
DE21J;2010;7770
DE21J;2012;6060
DE21J;2018;8886
DE21K;2008;11153
DE21K;2010;8220
DE21K;2012;8990
DE21K;2018;9230
DE21L;2008;2568
DE21L;2010;3053
DE21L;2012;2855
DE21L;2018;3912
DE21M;2008;8183
DE21M;2010;6997
DE21M;2012;8288
DE21M;2018;11159
DE21N;2008;4429
DE21N;2010;3647
DE21N;2012;5619
DE21N;2018;5915
DE221;2008;2709
DE221;2010;2560
DE221;2012;3597
DE221;2018;3513
DE222;2008;1609
DE222;2010;1246
DE222;2012;2398
DE222;2018;1680
DE223;2008;3268
DE223;2010;2659
DE223;2012;3068
DE223;2018;3820
DE224;2008;6606
DE224;2010;8117
DE224;2012;8110
DE224;2018;9187
DE225;2008;2277
DE225;2010;2087
DE225;2012;1952
DE225;2018;2476
DE226;2008;5804
DE226;2010;4613
DE226;2012;5194
DE226;2018;5461
DE227;2008;5501
DE227;2010;6137
DE227;2012;8393
DE227;2018;8555
DE228;2008;8531
DE228;2010;6981
DE228;2012;8265
DE228;2018;10597
DE229;2008;1895
DE229;2010;1866
DE229;2012;2388
DE229;2018;2222
DE22A;2008;4327
DE22A;2010;4356
DE22A;2012;4217
DE22A;2018;6508
DE22B;2008;4833
DE22B;2010;2848
DE22B;2012;3620
DE22B;2018;4936
DE22C;2008;5420
DE22C;2010;5718
DE22C;2012;6988
DE22C;2018;7984
DE231;2008;1710
DE231;2010;1725
DE231;2012;1914
DE231;2018;1613
DE232;2008;6521
DE232;2010;5870
DE232;2012;8332
DE232;2018;7903
DE233;2008;1557
DE233;2010;1734
DE233;2012;1763
DE233;2018;1584
DE234;2008;5657
DE234;2010;3303
DE234;2012;4446
DE234;2018;6262
DE235;2008;5149
DE235;2010;5127
DE235;2012;4067
DE235;2018;4544
DE236;2008;5306
DE236;2010;8962
DE236;2012;9388
DE236;2018;8359
DE237;2008;6262
DE237;2010;2887
DE237;2012;5246
DE237;2018;4559
DE238;2008;7214
DE238;2010;5881
DE238;2012;6511
DE238;2018;10347
DE239;2008;8407
DE239;2010;6516
DE239;2012;8651
DE239;2018;10257
DE23A;2008;3954
DE23A;2010;2368
DE23A;2012;3534
DE23A;2018;3872
DE241;2008;2715
DE241;2010;2227
DE241;2012;1962
DE241;2018;3039
DE242;2008;1656
DE242;2010;1712
DE242;2012;1692
DE242;2018;2522
DE243;2008;1678
DE243;2010;2198
DE243;2012;2426
DE243;2018;1845
DE244;2008;2198
DE244;2010;2177
DE244;2012;2215
DE244;2018;2101
DE245;2008;6280
DE245;2010;4592
DE245;2012;4967
DE245;2018;6049
DE246;2008;3132
DE246;2010;3300
DE246;2012;4164
DE246;2018;4762
DE247;2008;3476
DE247;2010;4795
DE247;2012;4834
DE247;2018;3899
DE248;2008;3013
DE248;2010;3951
DE248;2012;3755
DE248;2018;4872
DE249;2008;3797
DE249;2010;4051
DE249;2012;5252
DE249;2018;5076
DE24A;2008;2540
DE24A;2010;2772
DE24A;2012;2221
DE24A;2018;3413
DE24B;2008;3449
DE24B;2010;2769
DE24B;2012;3779
DE24B;2018;5390
DE24C;2008;3155
DE24C;2010;3492
DE24C;2012;3435
DE24C;2018;3381
DE24D;2008;2480
DE24D;2010;2122
DE24D;2012;2223
DE24D;2018;2637
DE251;2008;2308
DE251;2010;1445
DE251;2012;1858
DE251;2018;1660
DE252;2008;1703
DE252;2010;1794
DE252;2012;2538
DE252;2018;3075
DE253;2008;2249
DE253;2010;1915
DE253;2012;2301
DE253;2018;2430
DE254;2008;17519
DE254;2010;16083
DE254;2012;15601
DE254;2018;18189
DE255;2008;1540
DE255;2010;1420
DE255;2012;1076
DE255;2018;2506
DE256;2008;10031
DE256;2010;7556
DE256;2012;9301
DE256;2018;10431
DE257;2008;3503
DE257;2010;3474
DE257;2012;3928
DE257;2018;4701
DE258;2008;1960
DE258;2010;1374
DE258;2012;1567
DE258;2018;1908
DE259;2008;6988
DE259;2010;6333
DE259;2012;7559
DE259;2018;6017
DE25A;2008;6497
DE25A;2010;5746
DE25A;2012;7009
DE25A;2018;5938
DE25B;2008;4383
DE25B;2010;4141
DE25B;2012;4148
DE25B;2018;4940
DE25C;2008;2483
DE25C;2010;3780
DE25C;2012;3623
DE25C;2018;4739
DE261;2008;3243
DE261;2010;3098
DE261;2012;3470
DE261;2018;3801
DE262;2008;2992
DE262;2010;2704
DE262;2012;2372
DE262;2018;3674
DE263;2008;5064
DE263;2010;3635
DE263;2012;4700
DE263;2018;4098
DE264;2008;6095
DE264;2010;6053
DE264;2012;5685
DE264;2018;6739
DE265;2008;2872
DE265;2010;3445
DE265;2012;3030
DE265;2018;5249
DE266;2008;2698
DE266;2010;2619
DE266;2012;2664
DE266;2018;2967
DE267;2008;3380
DE267;2010;4065
DE267;2012;4520
DE267;2018;5451
DE268;2008;6235
DE268;2010;5877
DE268;2012;4554
DE268;2018;7487
DE269;2008;3678
DE269;2010;3548
DE269;2012;3565
DE269;2018;4864
DE26A;2008;3369
DE26A;2010;4025
DE26A;2012;4235
DE26A;2018;5183
DE26B;2008;4466
DE26B;2010;4273
DE26B;2012;3748
DE26B;2018;5653
DE26C;2008;6919
DE26C;2010;6291
DE26C;2012;7002
DE26C;2018;8014
DE271;2008;8419
DE271;2010;6188
DE271;2012;6285
DE271;2018;7760
DE272;2008;1112
DE272;2010;1177
DE272;2012;1335
DE272;2018;1173
DE273;2008;3166
DE273;2010;2699
DE273;2012;2222
DE273;2018;2214
DE274;2008;2555
DE274;2010;2382
DE274;2012;2418
DE274;2018;3486
DE275;2008;7699
DE275;2010;5779
DE275;2012;4878
DE275;2018;6824
DE276;2008;9940
DE276;2010;10525
DE276;2012;14027
DE276;2018;13411
DE277;2008;5414
DE277;2010;4595
DE277;2012;4357
DE277;2018;6874
DE278;2008;7083
DE278;2010;5552
DE278;2012;9264
DE278;2018;10560
DE279;2008;7147
DE279;2010;6773
DE279;2012;5865
DE279;2018;9603
DE27A;2008;2816
DE27A;2010;1434
DE27A;2012;2101
DE27A;2018;2410
DE27B;2008;8958
DE27B;2010;3792
DE27B;2012;6051
DE27B;2018;7491
DE27C;2008;9072
DE27C;2010;6600
DE27C;2012;7904
DE27C;2018;9435
DE27D;2008;9667
DE27D;2010;8725
DE27D;2012;10143
DE27D;2018;10435
DE27E;2008;5157
DE27E;2010;3689
DE27E;2012;4649
DE27E;2018;6426
DE300;2008;35254
DE300;2010;34849
DE300;2012;36065
DE300;2018;39625
DE401;2012;1832
DE401;2018;1666
DE402;2012;1498
DE402;2018;2058
DE403;2012;1486
DE403;2018;1176
DE404;2012;2823
DE404;2018;3261
DE405;2012;8270
DE405;2018;7852
DE406;2012;10157
DE406;2018;10550
DE407;2012;4073
DE407;2018;4415
DE408;2012;7240
DE408;2018;8379
DE409;2012;7176
DE409;2018;9074
DE40A;2012;7276
DE40A;2018;8633
DE40B;2012;5173
DE40B;2018;5752
DE40C;2012;6904
DE40C;2018;8833
DE40D;2012;6628
DE40D;2018;6244
DE40E;2012;8098
DE40E;2018;7918
DE40F;2012;2891
DE40F;2018;2075
DE40G;2012;4999
DE40G;2018;5348
DE40H;2012;11827
DE40H;2018;12567
DE40I;2012;9177
DE40I;2018;5814
DE411;2008;1739
DE411;2010;1784
DE412;2008;8055
DE412;2010;5832
DE413;2008;7143
DE413;2010;7167
DE414;2008;5937
DE414;2010;6545
DE415;2008;8242
DE415;2010;7046
DE416;2008;6798
DE416;2010;5871
DE417;2008;3182
DE417;2010;2987
DE418;2008;7436
DE418;2010;6366
DE421;2008;3345
DE421;2010;2057
DE422;2008;2421
DE422;2010;2090
DE423;2008;2877
DE423;2010;3578
DE424;2008;12202
DE424;2010;12591
DE425;2008;4777
DE425;2010;4446
DE426;2008;7742
DE426;2010;5360
DE427;2008;7753
DE427;2010;7020
DE428;2008;7052
DE428;2010;7372
DE429;2008;5582
DE429;2010;4987
DE42A;2008;12341
DE42A;2010;10766
DE501;2008;23652
DE501;2010;19163
DE501;2012;25411
DE501;2018;23647
DE502;2008;10867
DE502;2010;7005
DE502;2012;7959
DE502;2018;8470
DE600;2008;67683
DE600;2010;59617
DE600;2012;56232
DE600;2018;66169
DE711;2008;3057
DE711;2010;2814
DE711;2012;2465
DE711;2018;3048
DE712;2008;18126
DE712;2010;19735
DE712;2012;17838
DE712;2018;19235
DE713;2008;1926
DE713;2010;1772
DE713;2012;1663
DE713;2018;1912
DE714;2008;7194
DE714;2010;6915
DE714;2012;6437
DE714;2018;7760
DE715;2008;6635
DE715;2010;5909
DE715;2012;6836
DE715;2018;6418
DE716;2008;5728
DE716;2010;7134
DE716;2012;6134
DE716;2018;7000
DE717;2008;9433
DE717;2010;10134
DE717;2012;12083
DE717;2018;12076
DE718;2008;3416
DE718;2010;4106
DE718;2012;2896
DE718;2018;3552
DE719;2008;10140
DE719;2010;8460
DE719;2012;9623
DE719;2018;9024
DE71A;2008;5041
DE71A;2010;4897
DE71A;2012;4977
DE71A;2018;4696
DE71B;2008;1270
DE71B;2010;1209
DE71B;2012;1589
DE71B;2018;1248
DE71C;2008;6423
DE71C;2010;7560
DE71C;2012;6070
DE71C;2018;8397
DE71D;2008;1910
DE71D;2010;2136
DE71D;2012;1980
DE71D;2018;2206
DE71E;2008;8716
DE71E;2010;9280
DE71E;2012;6527
DE71E;2018;8706
DE721;2008;8255
DE721;2010;7927
DE721;2012;7870
DE721;2018;8999
DE722;2008;10142
DE722;2010;7619
DE722;2012;8146
DE722;2018;9181
DE723;2008;4597
DE723;2010;5083
DE723;2012;4475
DE723;2018;6662
DE724;2008;8453
DE724;2010;6698
DE724;2012;7507
DE724;2018;8262
DE725;2008;4703
DE725;2010;4470
DE725;2012;4833
DE725;2018;5203
DE731;2008;6837
DE731;2010;6534
DE731;2012;6341
DE731;2018;6636
DE732;2008;13244
DE732;2010;11887
DE732;2012;12732
DE732;2018;11998
DE733;2008;8181
DE733;2010;9540
DE733;2012;9318
DE733;2018;10875
DE734;2008;6988
DE734;2010;6608
DE734;2012;7131
DE734;2018;7751
DE735;2008;10208
DE735;2010;10293
DE735;2012;9869
DE735;2018;9955
DE736;2008;6542
DE736;2010;5639
DE736;2012;5889
DE736;2018;5955
DE737;2008;3725
DE737;2010;3472
DE737;2012;3417
DE737;2018;4724
DE801;2008;1028
DE801;2010;959
DE801;2012;913
DE802;2008;1758
DE802;2010;1336
DE802;2012;1648
DE803;2008;7650
DE803;2010;8034
DE803;2012;8310
DE803;2018;10018
DE804;2008;1787
DE804;2010;1660
DE804;2012;2175
DE804;2018;1984
DE805;2008;1662
DE805;2010;1566
DE805;2012;1237
DE806;2008;3073
DE806;2010;2347
DE806;2012;3369
DE807;2008;4083
DE807;2010;3226
DE807;2012;4358
DE808;2008;5571
DE808;2010;6034
DE808;2012;6151
DE809;2008;5071
DE809;2010;3760
DE809;2012;4659
DE80A;2008;7788
DE80A;2010;5828
DE80A;2012;7949
DE80B;2008;2529
DE80B;2010;2480
DE80B;2012;3226
DE80C;2008;2610
DE80C;2010;2740
DE80C;2012;2766
DE80D;2008;3885
DE80D;2010;3582
DE80D;2012;3606
DE80E;2008;7568
DE80E;2010;5589
DE80E;2012;5604
DE80F;2008;5071
DE80F;2010;4807
DE80F;2012;5676
DE80G;2008;4157
DE80G;2010;3426
DE80G;2012;2840
DE80H;2008;3444
DE80H;2010;3989
DE80H;2012;2261
DE80I;2008;2402
DE80I;2010;2452
DE80I;2012;2774
DE80J;2018;14900
DE80K;2018;9083
DE80L;2018;9184
DE80M;2018;7796
DE80N;2018;8617
DE80O;2018;12262
DE911;2008;7511
DE911;2010;7989
DE911;2012;8360
DE911;2018;8292
DE912;2008;6772
DE912;2010;4939
DE912;2012;5267
DE912;2018;6799
DE913;2008;5411
DE913;2010;4131
DE913;2012;6829
DE913;2018;7771
DE914;2008;3955
DE914;2010;3126
DE914;2012;3732
DE914;2018;5322
DE915;2008;6745
DE915;2010;7699
DE915;2012;6498
DE916;2008;4060
DE916;2010;4168
DE916;2012;5926
DE916;2018;4726
DE917;2008;2646
DE917;2010;2302
DE917;2012;2160
DE917;2018;4491
DE918;2008;3203
DE918;2010;4954
DE918;2012;3462
DE918;2018;6205
DE919;2008;3886
DE919;2010;2472
DE919;2012;3267
DE91A;2008;5517
DE91A;2010;3539
DE91A;2012;5104
DE91A;2018;7651
DE91B;2008;3503
DE91B;2010;3080
DE91B;2012;3330
DE91B;2018;4149
DE91C;2018;10089
DE922;2008;10449
DE922;2010;9238
DE922;2012;9186
DE922;2018;10844
DE923;2008;3638
DE923;2010;2789
DE923;2012;2786
DE923;2018;3813
DE925;2008;8648
DE925;2010;9057
DE925;2012;11113
DE925;2018;9410
DE926;2008;3021
DE926;2010;2565
DE926;2012;2836
DE926;2018;3980
DE927;2008;5847
DE927;2010;5532
DE927;2012;6775
DE927;2018;5627
DE928;2008;4248
DE928;2010;3873
DE928;2012;4729
DE928;2018;5977
DE929;2008;31974
DE929;2010;26813
DE929;2012;33746
DE929;2018;38760
DE931;2008;3621
DE931;2010;3135
DE931;2012;4307
DE931;2018;4647
DE932;2008;8811
DE932;2010;5739
DE932;2012;6798
DE932;2018;7896
DE933;2008;9883
DE933;2010;9780
DE933;2012;10518
DE933;2018;12294
DE934;2008;1350
DE934;2010;1791
DE934;2012;1398
DE934;2018;1387
DE935;2008;5749
DE935;2010;4233
DE935;2012;3854
DE935;2018;4631
DE936;2008;1864
DE936;2010;2239
DE936;2012;2784
DE936;2018;2057
DE937;2008;6129
DE937;2010;7552
DE937;2012;8529
DE937;2018;9158
DE938;2008;4290
DE938;2010;4508
DE938;2012;5218
DE938;2018;7044
DE939;2008;6572
DE939;2010;5578
DE939;2012;5665
DE939;2018;7333
DE93A;2008;3808
DE93A;2010;3695
DE93A;2012;4534
DE93A;2018;4311
DE93B;2008;5739
DE93B;2010;5814
DE93B;2012;6015
DE93B;2018;5617
DE941;2008;1072
DE941;2010;1670
DE941;2012;1280
DE941;2018;1151
DE942;2008;2693
DE942;2010;2343
DE942;2012;2353
DE942;2018;2216
DE943;2008;3960
DE943;2010;3533
DE943;2012;4542
DE943;2018;3935
DE944;2008;6767
DE944;2010;6669
DE944;2012;6268
DE944;2018;6111
DE945;2008;2296
DE945;2010;3103
DE945;2012;2840
DE945;2018;2678
DE946;2008;7554
DE946;2010;6118
DE946;2012;7504
DE946;2018;6950
DE947;2008;4190
DE947;2010;5035
DE947;2012;5559
DE947;2018;5340
DE948;2008;9222
DE948;2010;13010
DE948;2012;12783
DE948;2018;13143
DE949;2008;17491
DE949;2010;18668
DE949;2012;18099
DE949;2018;20123
DE94A;2008;2800
DE94A;2010;3921
DE94A;2012;4096
DE94A;2018;3634
DE94B;2008;5005
DE94B;2010;5747
DE94B;2012;6035
DE94B;2018;6159
DE94C;2008;3666
DE94C;2010;4082
DE94C;2012;5180
DE94C;2018;5727
DE94D;2008;7507
DE94D;2010;7292
DE94D;2012;8064
DE94D;2018;8037
DE94E;2008;16027
DE94E;2010;16058
DE94E;2012;15875
DE94E;2018;18643
DE94F;2008;11086
DE94F;2010;11091
DE94F;2012;12408
DE94F;2018;13382
DE94G;2008;4152
DE94G;2010;4185
DE94G;2012;4775
DE94G;2018;4064
DE94H;2008;1324
DE94H;2010;1725
DE94H;2012;1624
DE94H;2018;882
DEA11;2008;15788
DEA11;2010;14399
DEA11;2012;12212
DEA11;2018;14497
DEA12;2008;23428
DEA12;2010;19110
DEA12;2012;19666
DEA12;2018;20657
DEA13;2008;12674
DEA13;2010;9244
DEA13;2012;9726
DEA13;2018;10680
DEA14;2008;10138
DEA14;2010;8135
DEA14;2012;8961
DEA14;2018;9291
DEA15;2008;6391
DEA15;2010;5784
DEA15;2012;5988
DEA15;2018;5410
DEA16;2008;3921
DEA16;2010;3804
DEA16;2012;3864
DEA16;2018;3258
DEA17;2008;5231
DEA17;2010;3934
DEA17;2012;4405
DEA17;2018;4205
DEA18;2008;3344
DEA18;2010;2021
DEA18;2012;1811
DEA18;2018;2171
DEA19;2008;2611
DEA19;2010;1933
DEA19;2012;1978
DEA19;2018;2554
DEA1A;2008;6481
DEA1A;2010;6352
DEA1A;2012;6537
DEA1A;2018;6824
DEA1B;2008;9654
DEA1B;2010;8247
DEA1B;2012;8302
DEA1B;2018;12077
DEA1C;2008;12043
DEA1C;2010;10402
DEA1C;2012;10528
DEA1C;2018;10870
DEA1D;2008;17716
DEA1D;2010;18071
DEA1D;2012;19558
DEA1D;2018;19619
DEA1E;2008;10434
DEA1E;2010;7122
DEA1E;2012;6623
DEA1E;2018;7080
DEA1F;2008;18072
DEA1F;2010;14805
DEA1F;2012;17982
DEA1F;2018;17565
DEA21;2008;3928
DEA21;2010;3234
DEA22;2008;3780
DEA22;2010;3746
DEA22;2012;3737
DEA22;2018;3509
DEA23;2008;30877
DEA23;2010;23883
DEA23;2012;26025
DEA23;2018;26485
DEA24;2008;5388
DEA24;2010;3872
DEA24;2012;4179
DEA24;2018;4671
DEA25;2008;8494
DEA25;2010;8975
DEA26;2008;14284
DEA26;2010;11832
DEA26;2012;10401
DEA26;2018;10010
DEA27;2008;19104
DEA27;2010;20982
DEA27;2012;22589
DEA27;2018;22155
DEA28;2008;9177
DEA28;2010;7126
DEA28;2012;7229
DEA28;2018;8603
DEA29;2008;8632
DEA29;2010;5967
DEA29;2012;7457
DEA29;2018;9318
DEA2A;2008;7679
DEA2A;2010;6013
DEA2A;2012;7017
DEA2A;2018;7700
DEA2B;2008;4574
DEA2B;2010;3808
DEA2B;2012;3303
DEA2B;2018;3667
DEA2C;2008;14699
DEA2C;2010;12942
DEA2C;2012;13135
DEA2C;2018;14791
DEA2D;2012;12416
DEA2D;2018;12382
DEA31;2008;5027
DEA31;2010;4162
DEA31;2012;6309
DEA31;2018;4294
DEA32;2008;6950
DEA32;2010;5372
DEA32;2012;6154
DEA32;2018;6348
DEA33;2008;6010
DEA33;2010;6327
DEA33;2012;6959
DEA33;2018;8081
DEA34;2008;13802
DEA34;2010;13239
DEA34;2012;14992
DEA34;2018;15591
DEA35;2008;6926
DEA35;2010;6732
DEA35;2012;8203
DEA35;2018;8123
DEA36;2008;20129
DEA36;2010;18762
DEA36;2012;17429
DEA36;2018;20420
DEA37;2008;19748
DEA37;2010;17613
DEA37;2012;19692
DEA37;2018;21259
DEA38;2008;10077
DEA38;2010;10145
DEA38;2012;10856
DEA38;2018;11741
DEA41;2008;10149
DEA41;2010;11112
DEA41;2012;8582
DEA41;2018;10023
DEA42;2008;15008
DEA42;2010;15533
DEA42;2012;14498
DEA42;2018;19257
DEA43;2008;7784
DEA43;2010;6606
DEA43;2012;8174
DEA43;2018;8778
DEA44;2008;7320
DEA44;2010;5920
DEA44;2012;5855
DEA44;2018;7157
DEA45;2008;10508
DEA45;2010;10073
DEA45;2012;9725
DEA45;2018;10653
DEA46;2008;9205
DEA46;2010;10175
DEA46;2012;10430
DEA46;2018;12180
DEA47;2008;10814
DEA47;2010;9316
DEA47;2012;9499
DEA47;2018;13981
DEA51;2008;9601
DEA51;2010;6648
DEA51;2012;7522
DEA51;2018;7477
DEA52;2008;23646
DEA52;2010;19507
DEA52;2012;16827
DEA52;2018;18374
DEA53;2008;7835
DEA53;2010;6919
DEA53;2012;7614
DEA53;2018;7094
DEA54;2008;9436
DEA54;2010;7650
DEA54;2012;7689
DEA54;2018;8551
DEA55;2008;3869
DEA55;2010;4408
DEA55;2012;3955
DEA55;2018;4080
DEA56;2008;10442
DEA56;2010;6878
DEA56;2012;8160
DEA56;2018;8026
DEA57;2008;12751
DEA57;2010;12122
DEA57;2012;10249
DEA57;2018;12504
DEA58;2008;14970
DEA58;2010;12386
DEA58;2012;11549
DEA58;2018;14208
DEA59;2008;8018
DEA59;2010;5139
DEA59;2012;6209
DEA59;2018;6180
DEA5A;2008;12504
DEA5A;2010;12215
DEA5A;2012;11395
DEA5A;2018;11835
DEA5B;2008;14396
DEA5B;2010;11303
DEA5B;2012;15646
DEA5B;2018;16110
DEA5C;2008;16913
DEA5C;2010;13919
DEA5C;2012;15539
DEA5C;2018;15828
DEB11;2008;4590
DEB11;2010;4181
DEB11;2012;4606
DEB11;2018;4500
DEB12;2008;3723
DEB12;2010;3485
DEB12;2012;3596
DEB12;2018;4023
DEB13;2008;3924
DEB13;2010;4244
DEB13;2012;3997
DEB13;2018;4093
DEB14;2008;8786
DEB14;2010;7640
DEB14;2012;7515
DEB14;2018;6753
DEB15;2008;2748
DEB15;2010;2403
DEB15;2012;2698
DEB15;2018;2984
DEB16;2008;3163
DEB16;2010;2850
DEB16;2012;2484
DEB17;2008;14350
DEB17;2010;11714
DEB17;2012;13189
DEB17;2018;15358
DEB18;2008;8292
DEB18;2010;6694
DEB18;2012;6479
DEB18;2018;8005
DEB19;2008;3586
DEB19;2010;3271
DEB19;2012;2734
DEB1A;2008;3857
DEB1A;2010;2871
DEB1A;2012;3170
DEB1A;2018;3466
DEB1B;2008;9769
DEB1B;2010;7471
DEB1B;2012;8587
DEB1B;2018;11208
DEB1C;2018;2318
DEB1D;2018;3442
DEB21;2008;3186
DEB21;2010;2443
DEB21;2012;2563
DEB21;2018;3135
DEB22;2008;7494
DEB22;2010;5702
DEB22;2012;6423
DEB22;2018;10540
DEB23;2008;6263
DEB23;2010;5119
DEB23;2012;5132
DEB23;2018;7261
DEB24;2008;3276
DEB24;2010;3480
DEB24;2012;3090
DEB24;2018;3620
DEB25;2008;4449
DEB25;2010;3603
DEB25;2012;4343
DEB25;2018;3920
DEB31;2008;981
DEB31;2010;636
DEB31;2012;905
DEB31;2018;1354
DEB32;2008;2297
DEB32;2010;1920
DEB32;2012;3229
DEB32;2018;4940
DEB33;2008;1528
DEB33;2010;1029
DEB33;2012;2797
DEB33;2018;1290
DEB34;2008;9577
DEB34;2010;6546
DEB34;2012;9084
DEB34;2018;9105
DEB35;2008;4872
DEB35;2010;4852
DEB35;2012;5661
DEB35;2018;4674
DEB36;2008;1213
DEB36;2010;664
DEB36;2012;1075
DEB36;2018;1120
DEB37;2008;1317
DEB37;2010;1327
DEB37;2012;1358
DEB37;2018;1241
DEB38;2008;2123
DEB38;2010;1713
DEB38;2012;2015
DEB38;2018;2086
DEB39;2008;4766
DEB39;2010;4111
DEB39;2012;3802
DEB39;2018;5113
DEB3A;2008;1297
DEB3A;2010;771
DEB3A;2012;1277
DEB3A;2018;1386
DEB3B;2008;4974
DEB3B;2010;4186
DEB3B;2012;5740
DEB3B;2018;6071
DEB3C;2008;2969
DEB3C;2010;2773
DEB3C;2012;3029
DEB3C;2018;4212
DEB3D;2008;4491
DEB3D;2010;2702
DEB3D;2012;3295
DEB3D;2018;3401
DEB3E;2008;7955
DEB3E;2010;6556
DEB3E;2012;8208
DEB3E;2018;10451
DEB3F;2008;3051
DEB3F;2010;3032
DEB3F;2012;2780
DEB3F;2018;3672
DEB3G;2008;1338
DEB3G;2010;1030
DEB3G;2012;1308
DEB3G;2018;2424
DEB3H;2008;3377
DEB3H;2010;2861
DEB3H;2012;3016
DEB3H;2018;4093
DEB3I;2008;2415
DEB3I;2010;2127
DEB3I;2012;3232
DEB3I;2018;3802
DEB3J;2008;5228
DEB3J;2010;4493
DEB3J;2012;4932
DEB3J;2018;4871
DEB3K;2008;1919
DEB3K;2010;1062
DEB3K;2012;1200
DEB3K;2018;2102
DEC01;2008;8992
DEC01;2010;6713
DEC01;2012;6888
DEC01;2018;9448
DEC02;2008;3737
DEC02;2010;2161
DEC02;2012;3005
DEC02;2018;3390
DEC03;2008;4338
DEC03;2010;2737
DEC03;2012;3994
DEC03;2018;3049
DEC04;2008;9357
DEC04;2010;7731
DEC04;2012;9317
DEC04;2018;10689
DEC05;2008;6139
DEC05;2010;3485
DEC05;2012;4603
DEC05;2018;4411
DEC06;2008;2949
DEC06;2010;1544
DEC06;2012;3513
DEC06;2018;1780
DED11;2008;6672
DED11;2010;5373
DED12;2008;2374
DED12;2010;1949
DED13;2008;5026
DED13;2010;5413
DED14;2008;2318
DED14;2010;1857
DED15;2008;4621
DED15;2010;4482
DED16;2008;6025
DED16;2010;5291
DED17;2008;6727
DED17;2010;6328
DED18;2008;2016
DED18;2010;2354
DED19;2008;7322
DED19;2010;6140
DED1A;2008;2839
DED1A;2010;2122
DED1B;2008;4264
DED1B;2010;3903
DED1C;2008;7216
DED1C;2010;3801
DED21;2008;11243
DED21;2010;10067
DED21;2012;9099
DED21;2018;11439
DED22;2008;869
DED22;2010;638
DED23;2008;1098
DED23;2010;512
DED24;2008;6128
DED24;2010;5129
DED25;2008;6109
DED25;2010;6405
DED26;2008;4899
DED26;2010;5854
DED27;2008;7682
DED27;2010;9626
DED28;2008;4336
DED28;2010;5131
DED29;2008;3723
DED29;2010;3268
DED2A;2008;3914
DED2A;2010;4847
DED2B;2008;8151
DED2B;2010;6606
DED2C;2012;13746
DED2C;2018;13691
DED2D;2012;8901
DED2D;2018;8242
DED2E;2012;13564
DED2E;2018;14075
DED2F;2012;8447
DED2F;2018;8129
DED31;2008;12137
DED31;2010;8906
DED32;2008;7308
DED32;2010;7279
DED33;2008;2768
DED33;2010;3008
DED34;2008;9601
DED34;2010;9323
DED35;2008;4659
DED35;2010;4648
DED36;2008;3959
DED36;2010;3358
DED41;2012;6542
DED41;2018;5908
DED42;2012;9699
DED42;2018;10194
DED43;2012;12715
DED43;2018;13906
DED44;2012;7977
DED44;2018;9185
DED45;2012;12115
DED45;2018;13006
DED51;2012;14345
DED51;2018;13989
DED52;2012;14825
DED52;2018;15253
DED53;2012;10303
DED53;2018;12571
DEE01;2008;2280
DEE01;2010;1282
DEE01;2012;1756
DEE01;2018;1667
DEE02;2008;4606
DEE02;2010;4041
DEE02;2012;3930
DEE02;2018;4549
DEE03;2008;8955
DEE03;2010;7553
DEE03;2012;9832
DEE03;2018;10042
DEE04;2008;2904
DEE04;2010;2138
DEE04;2012;2445
DEE04;2018;2602
DEE05;2008;9588
DEE05;2010;8042
DEE05;2012;8516
DEE05;2018;8418
DEE06;2008;4995
DEE06;2010;4955
DEE06;2012;4105
DEE06;2018;4930
DEE07;2008;17989
DEE07;2010;16579
DEE07;2012;16865
DEE07;2018;19649
DEE08;2008;13624
DEE08;2010;15551
DEE08;2012;12895
DEE08;2018;14603
DEE09;2008;8281
DEE09;2010;6336
DEE09;2012;6806
DEE09;2018;8343
DEE0A;2008;6942
DEE0A;2010;5883
DEE0A;2012;5488
DEE0A;2018;6358
DEE0B;2008;16514
DEE0B;2010;15128
DEE0B;2012;16502
DEE0B;2018;14118
DEE0C;2008;12131
DEE0C;2010;15037
DEE0C;2012;11926
DEE0C;2018;12271
DEE0D;2008;5202
DEE0D;2010;5280
DEE0D;2012;4786
DEE0D;2018;7002
DEE0E;2008;5656
DEE0E;2010;6265
DEE0E;2012;5900
DEE0E;2018;7156
DEF01;2008;2197
DEF01;2010;2443
DEF01;2012;2518
DEF01;2018;2237
DEF02;2008;5292
DEF02;2010;4096
DEF02;2012;4169
DEF02;2018;4049
DEF03;2008;7593
DEF03;2010;5552
DEF03;2012;6975
DEF03;2018;7104
DEF04;2008;3489
DEF04;2010;3669
DEF04;2012;3582
DEF04;2018;4499
DEF05;2008;6882
DEF05;2010;6403
DEF05;2012;5379
DEF05;2018;12054
DEF06;2008;7103
DEF06;2010;8114
DEF06;2012;7666
DEF06;2018;7005
DEF07;2008;4728
DEF07;2010;4741
DEF07;2012;5222
DEF07;2018;6448
DEF08;2008;6017
DEF08;2010;5643
DEF08;2012;5926
DEF08;2018;6707
DEF09;2008;6721
DEF09;2010;6367
DEF09;2012;6329
DEF09;2018;6893
DEF0A;2008;2285
DEF0A;2010;1971
DEF0A;2012;2749
DEF0A;2018;3553
DEF0B;2008;8377
DEF0B;2010;9645
DEF0B;2012;7786
DEF0B;2018;10056
DEF0C;2008;4291
DEF0C;2010;5863
DEF0C;2012;7445
DEF0C;2018;8084
DEF0D;2008;9639
DEF0D;2010;9320
DEF0D;2012;10282
DEF0D;2018;13331
DEF0E;2008;5273
DEF0E;2010;4501
DEF0E;2012;5481
DEF0E;2018;5680
DEF0F;2008;4106
DEF0F;2010;3801
DEF0F;2012;4698
DEF0F;2018;5193
DEG01;2008;8099
DEG01;2010;8824
DEG01;2012;9051
DEG01;2018;9170
DEG02;2008;2326
DEG02;2010;1886
DEG02;2012;1632
DEG02;2018;2392
DEG03;2008;3252
DEG03;2010;3608
DEG03;2012;2784
DEG03;2018;2265
DEG04;2008;1045
DEG04;2010;731
DEG04;2012;786
DEG04;2018;661
DEG05;2008;2795
DEG05;2010;2967
DEG05;2012;3070
DEG05;2018;2466
DEG06;2008;5956
DEG06;2010;5899
DEG06;2012;4641
DEG06;2018;5412
DEG07;2008;7064
DEG07;2010;3839
DEG07;2012;4170
DEG07;2018;4367
DEG09;2008;6274
DEG09;2010;3152
DEG09;2012;5296
DEG09;2018;4515
DEG0A;2008;4636
DEG0A;2010;5456
DEG0A;2012;3977
DEG0A;2018;3277
DEG0B;2008;5814
DEG0B;2010;3783
DEG0B;2012;5170
DEG0B;2018;4401
DEG0C;2008;7006
DEG0C;2010;4445
DEG0C;2012;5453
DEG0C;2018;4870
DEG0D;2008;3085
DEG0D;2010;3062
DEG0D;2012;2254
DEG0D;2018;2483
DEG0E;2008;3840
DEG0E;2010;3286
DEG0E;2012;2798
DEG0E;2018;3241
DEG0F;2008;5938
DEG0F;2010;6145
DEG0F;2012;5163
DEG0F;2018;5176
DEG0G;2008;1865
DEG0G;2010;1860
DEG0G;2012;2357
DEG0G;2018;1512
DEG0H;2008;4367
DEG0H;2010;2633
DEG0H;2012;3089
DEG0H;2018;1430
DEG0I;2008;6075
DEG0I;2010;5215
DEG0I;2012;4088
DEG0I;2018;3622
DEG0J;2008;5537
DEG0J;2010;4440
DEG0J;2012;4522
DEG0J;2018;5484
DEG0K;2008;6942
DEG0K;2010;6225
DEG0K;2012;8039
DEG0K;2018;5265
DEG0L;2008;8120
DEG0L;2010;5392
DEG0L;2012;5346
DEG0L;2018;7188
DEG0M;2008;6047
DEG0M;2010;5782
DEG0M;2012;4081
DEG0M;2018;5430
DEG0N;2008;2389
DEG0N;2010;2016
DEG0N;2012;1912
DEG0N;2018;1535
DEG0P;2008;6443
DEG0P;2010;5392
DEG0P;2012;5116
DEG0P;2018;5944
DK011;2008;5801
DK011;2010;6833
DK011;2012;7249
DK011;2018;7537
DK012;2008;9527
DK012;2010;8522
DK012;2012;9228
DK012;2018;8703
DK013;2008;7257
DK013;2010;3778
DK013;2012;5150
DK013;2018;5167
DK014;2008;534
DK014;2010;1209
DK014;2012;577
DK014;2018;1157
DK021;2008;6081
DK021;2010;5779
DK021;2012;6397
DK021;2018;6948
DK022;2008;21441
DK022;2010;14623
DK022;2012;19205
DK022;2018;15612
DK031;2008;14059
DK031;2010;16764
DK031;2012;11513
DK031;2018;11235
DK032;2008;34523
DK032;2010;34164
DK032;2012;34669
DK032;2018;31265
DK041;2008;23126
DK041;2010;19433
DK041;2012;22799
DK041;2018;22647
DK042;2008;33910
DK042;2010;25791
DK042;2012;28959
DK042;2018;26891
DK050;2008;22994
DK050;2010;19857
DK050;2012;21446
DK050;2018;24872
DKXXX;2010;
EE001;2008;12008
EE001;2010;5902
EE001;2012;7934
EE001;2018;9331
EE004;2008;5142
EE004;2010;3127
EE004;2012;3592
EE004;2018;3206
EE006;2008;12574
EE006;2010;8488
EE006;2012;9224
EE006;2018;4733
EE007;2008;4418
EE007;2010;3142
EE007;2012;4394
EE007;2018;1615
EE008;2008;2088
EE008;2010;1731
EE008;2012;1104
EE008;2018;4316
EL111;2008;7125
EL111;2010;2085
EL111;2012;5029
EL112;2008;4343
EL112;2010;2041
EL112;2012;691
EL113;2008;3571
EL113;2010;6430
EL113;2012;3054
EL114;2008;1807
EL114;2010;2887
EL114;2012;1267
EL115;2008;12431
EL115;2010;6205
EL115;2012;2588
EL121;2008;6773
EL121;2010;10394
EL121;2012;2297
EL122;2008;36416
EL122;2010;34710
EL122;2012;20746
EL123;2008;4109
EL123;2010;3150
EL123;2012;1436
EL124;2008;4149
EL124;2010;4674
EL124;2012;2672
EL125;2008;8224
EL125;2010;14850
EL125;2012;3221
EL126;2008;7921
EL126;2010;7504
EL126;2012;2039
EL127;2008;7263
EL127;2010;3128
EL127;2012;8214
EL131;2008;4135
EL131;2010;4421
EL131;2012;170
EL132;2008;2357
EL132;2010;954
EL132;2012;6327
EL133;2008;109526
EL133;2010;87997
EL133;2012;98131
EL134;2008;34460
EL134;2010;46108
EL134;2012;49491
EL141;2008;3157
EL141;2010;16003
EL141;2012;2228
EL142;2008;10245
EL142;2010;10355
EL142;2012;11516
EL143;2008;11101
EL143;2010;5184
EL143;2012;6177
EL144;2008;13350
EL144;2010;12985
EL144;2012;5090
EL211;2008;1215
EL211;2010;1593
EL211;2012;2973
EL212;2008;462
EL212;2010;1506
EL212;2012;805
EL213;2008;25109
EL213;2010;8728
EL213;2012;5750
EL214;2008;1135
EL214;2010;503
EL214;2012;457
EL221;2008;5559
EL221;2010;1285
EL221;2012;759
EL222;2008;1461
EL222;2010;1131
EL222;2012;338
EL223;2008;2455
EL223;2010;365
EL223;2012;361
EL224;2008;1004
EL224;2010;340
EL224;2012;1331
EL231;2008;8894
EL231;2010;16205
EL231;2012;3415
EL232;2008;11161
EL232;2010;22880
EL232;2012;10497
EL233;2008;4234
EL233;2010;8227
EL233;2012;2648
EL241;2008;13659
EL241;2010;13940
EL241;2012;10720
EL242;2008;10484
EL242;2010;7434
EL242;2012;8731
EL243;2008;1420
EL243;2010;491
EL243;2012;314
EL244;2008;15673
EL244;2010;10985
EL244;2012;13972
EL245;2008;6045
EL245;2010;2234
EL245;2012;767
EL251;2008;3631
EL251;2010;3869
EL251;2012;3189
EL252;2008;12702
EL252;2010;12931
EL252;2012;6219
EL253;2008;12572
EL253;2010;11681
EL253;2012;5736
EL254;2008;4578
EL254;2010;936
EL254;2012;692
EL255;2008;7521
EL255;2010;9248
EL255;2012;4020
EL300;2008;123973
EL300;2010;107479
EL300;2012;50686
EL301;2018;2918
EL302;2018;2207
EL303;2018;6325
EL304;2018;4318
EL305;2018;6086
EL306;2018;11512
EL307;2018;30195
EL411;2008;3327
EL411;2010;1416
EL411;2012;1367
EL411;2018;2287
EL412;2008;2332
EL412;2010;
EL412;2018;
EL413;2008;1306
EL413;2010;1371
EL413;2012;540
EL413;2018;335
EL421;2008;4469
EL421;2010;7902
EL421;2012;3753
EL421;2018;1401
EL422;2008;12214
EL422;2010;7080
EL422;2012;2190
EL422;2018;12953
EL431;2008;17115
EL431;2010;12382
EL431;2012;10580
EL431;2018;3717
EL432;2008;4496
EL432;2010;6414
EL432;2012;4264
EL432;2018;1183
EL433;2008;3443
EL433;2010;2516
EL433;2012;1443
EL433;2018;2760
EL434;2008;8976
EL434;2010;8773
EL434;2012;2971
EL434;2018;6322
EL511;2018;4531
EL512;2018;1511
EL513;2018;1830
EL514;2018;3553
EL515;2018;2183
EL521;2018;1892
EL522;2018;24802
EL523;2018;1829
EL524;2018;2932
EL525;2018;1470
EL526;2018;3291
EL527;2018;9966
EL531;2018;60012
EL532;2018;7711
EL533;2018;29954
EL541;2018;3793
EL542;2018;2016
EL543;2018;5888
EL611;2018;5526
EL612;2018;5830
EL613;2018;3646
EL621;2018;2425
EL622;2018;1848
EL623;2018;3514
EL624;2018;1223
EL631;2018;7698
EL632;2018;10987
EL633;2018;3828
EL641;2018;14327
EL642;2018;8010
EL643;2018;322
EL644;2018;3579
EL645;2018;1576
EL651;2018;7701
EL652;2018;2774
EL653;2018;2885
ES111;2008;56225
ES111;2010;42983
ES111;2012;39477
ES111;2018;37089
ES112;2008;21261
ES112;2010;21778
ES112;2012;15938
ES112;2018;14275
ES113;2008;13883
ES113;2010;14811
ES113;2012;11532
ES113;2018;9582
ES114;2008;35996
ES114;2010;36269
ES114;2012;30888
ES114;2018;24474
ES120;2008;63862
ES120;2010;53421
ES120;2012;39595
ES120;2018;33908
ES130;2008;34118
ES130;2010;25902
ES130;2012;17727
ES130;2018;22296
ES211;2008;23909
ES211;2010;17635
ES211;2012;10777
ES211;2018;12077
ES212;2008;31242
ES212;2010;27596
ES212;2012;23702
ES212;2018;22546
ES213;2008;46081
ES213;2010;37460
ES213;2012;29842
ES213;2018;33551
ES220;2008;49136
ES220;2010;37104
ES220;2012;27240
ES220;2018;27461
ES230;2008;22997
ES230;2010;17238
ES230;2012;9576
ES230;2018;11417
ES241;2008;25939
ES241;2010;20171
ES241;2012;14760
ES241;2018;15493
ES242;2008;13249
ES242;2010;17055
ES242;2012;7410
ES242;2018;11533
ES243;2008;71929
ES243;2010;43649
ES243;2012;31706
ES243;2018;44075
ES300;2008;145042
ES300;2010;108723
ES300;2012;75508
ES300;2018;104759
ES411;2008;7783
ES411;2010;7663
ES411;2012;4380
ES411;2018;5429
ES412;2008;26477
ES412;2010;19599
ES412;2012;15970
ES412;2018;18841
ES413;2008;31928
ES413;2010;20831
ES413;2012;17750
ES413;2018;17508
ES414;2008;17863
ES414;2010;13686
ES414;2012;8953
ES414;2018;7878
ES415;2008;17565
ES415;2010;11101
ES415;2012;8032
ES415;2018;9964
ES416;2008;15295
ES416;2010;10714
ES416;2012;9641
ES416;2018;8992
ES417;2008;9021
ES417;2010;7651
ES417;2012;7331
ES417;2018;5405
ES418;2008;29516
ES418;2010;23423
ES418;2012;18234
ES418;2018;20067
ES419;2008;16240
ES419;2010;9010
ES419;2012;6852
ES419;2018;10420
ES421;2008;22100
ES421;2010;15566
ES421;2012;11475
ES421;2018;13018
ES422;2008;28616
ES422;2010;17482
ES422;2012;13289
ES422;2018;14259
ES423;2008;21073
ES423;2010;15256
ES423;2012;9316
ES423;2018;9094
ES424;2008;17366
ES424;2010;12243
ES424;2012;13559
ES424;2018;18114
ES425;2008;54373
ES425;2010;27505
ES425;2012;21215
ES425;2018;29700
ES431;2008;27076
ES431;2010;20034
ES431;2012;22597
ES431;2018;19498
ES432;2008;15606
ES432;2010;13251
ES432;2012;10764
ES432;2018;7636
ES511;2008;178572
ES511;2010;137453
ES511;2012;119737
ES511;2018;132226
ES512;2008;37490
ES512;2010;28749
ES512;2012;21235
ES512;2018;24606
ES513;2008;43070
ES513;2010;29467
ES513;2012;25783
ES513;2018;30662
ES514;2008;44242
ES514;2010;29112
ES514;2012;23393
ES514;2018;32974
ES521;2008;74356
ES521;2010;48447
ES521;2012;32860
ES521;2018;48591
ES522;2008;58495
ES522;2010;33871
ES522;2012;37501
ES522;2018;54486
ES523;2008;129728
ES523;2010;85445
ES523;2012;71041
ES523;2018;98929
ES531;2008;4050
ES531;2010;5711
ES531;2012;3137
ES531;2018;3537
ES532;2008;22710
ES532;2010;17615
ES532;2012;13699
ES532;2018;18619
ES533;2008;4221
ES533;2010;1929
ES533;2012;691
ES533;2018;1297
ES611;2008;28610
ES611;2010;18371
ES611;2012;20494
ES611;2018;28839
ES612;2008;34973
ES612;2010;27647
ES612;2012;18488
ES612;2018;24521
ES613;2008;34479
ES613;2010;24097
ES613;2012;17085
ES613;2018;19913
ES614;2008;35567
ES614;2010;22268
ES614;2012;19238
ES614;2018;16590
ES615;2008;28711
ES615;2010;15314
ES615;2012;14287
ES615;2018;19290
ES616;2008;22092
ES616;2010;20045
ES616;2012;13933
ES616;2018;13881
ES617;2008;56167
ES617;2010;34928
ES617;2012;24679
ES617;2018;31599
ES618;2008;80659
ES618;2010;52964
ES618;2012;39143
ES618;2018;47100
ES620;2008;82257
ES620;2010;56542
ES620;2012;40766
ES620;2018;55610
ES630;2008;1107
ES630;2010;828
ES630;2012;807
ES630;2018;136
ES640;2008;965
ES640;2010;638
ES640;2012;422
ES640;2018;731
ES703;2008;265
ES703;2010;144
ES703;2012;120
ES703;2018;54
ES704;2008;2082
ES704;2010;2752
ES704;2012;1544
ES704;2018;3822
ES705;2008;8948
ES705;2010;15043
ES705;2012;9671
ES705;2018;18699
ES706;2008;577
ES706;2010;558
ES706;2012;99
ES706;2018;233
ES707;2008;1068
ES707;2010;1232
ES707;2012;1165
ES707;2018;1893
ES708;2008;2220
ES708;2010;4243
ES708;2012;1704
ES708;2018;1606
ES709;2008;22858
ES709;2010;20055
ES709;2012;16043
ES709;2018;21207
FI131;2008;7997
FI131;2010;15335
FI132;2008;24507
FI132;2010;17555
FI133;2008;8135
FI133;2010;8472
FI134;2008;9948
FI134;2010;3741
FI181;2008;78253
FI181;2010;76424
FI182;2008;3592
FI182;2010;5157
FI183;2008;28433
FI183;2010;29044
FI184;2008;15329
FI184;2010;7625
FI185;2008;20292
FI185;2010;12847
FI186;2008;22711
FI186;2010;20258
FI187;2008;20883
FI187;2010;21091
FI193;2008;27117
FI193;2010;30794
FI193;2012;15438
FI193;2018;17156
FI194;2008;17612
FI194;2010;14928
FI194;2012;9809
FI194;2018;8286
FI195;2008;11954
FI195;2010;15942
FI195;2012;12596
FI195;2018;9034
FI196;2008;25579
FI196;2010;36033
FI196;2012;17950
FI196;2018;16115
FI197;2008;34829
FI197;2010;25102
FI197;2012;24834
FI197;2018;20943
FI1A1;2008;5139
FI1A1;2010;6822
FI1A2;2008;36945
FI1A2;2010;27672
FI1A3;2008;18535
FI1A3;2010;16040
FI1B1;2012;58113
FI1B1;2018;52435
FI1C1;2012;23557
FI1C1;2018;18380
FI1C2;2012;8776
FI1C2;2018;9971
FI1C3;2012;14975
FI1C3;2018;8442
FI1C4;2012;12979
FI1C4;2018;16521
FI1C5;2012;16317
FI1C5;2018;13002
FI1D1;2012;7089
FI1D1;2018;8204
FI1D2;2012;16106
FI1D2;2018;16379
FI1D3;2012;10934
FI1D3;2018;7812
FI1D4;2012;5323
FI1D5;2012;4927
FI1D5;2018;2179
FI1D6;2012;22021
FI1D7;2012;11757
FI1D7;2018;13308
FI1D8;2018;3480
FI1D9;2018;29106
FIXXX;2012;
FR101;2008;8448
FR101;2010;8111
FR101;2012;6949
FR101;2018;5040
FR102;2008;47759
FR102;2010;39526
FR102;2012;40579
FR102;2018;44255
FR103;2008;22434
FR103;2010;21797
FR103;2012;18268
FR103;2018;17938
FR104;2008;31355
FR104;2010;23711
FR104;2012;19374
FR104;2018;23877
FR105;2008;14521
FR105;2010;12682
FR105;2012;9981
FR105;2018;10482
FR106;2008;19791
FR106;2010;14691
FR106;2012;12476
FR106;2018;13054
FR107;2008;20028
FR107;2010;17921
FR107;2012;14905
FR107;2018;16554
FR108;2008;22129
FR108;2010;19821
FR108;2012;18728
FR108;2018;22745
FR211;2008;11481
FR211;2010;9602
FR211;2012;5678
FR212;2008;19417
FR212;2010;21926
FR212;2012;18894
FR213;2008;31329
FR213;2010;34868
FR213;2012;32210
FR214;2008;11984
FR214;2010;9097
FR214;2012;6993
FR221;2008;22207
FR221;2010;17989
FR221;2012;26600
FR222;2008;25104
FR222;2010;30339
FR222;2012;26703
FR223;2008;23551
FR223;2010;28807
FR223;2012;26738
FR231;2008;22844
FR231;2010;18340
FR231;2012;17332
FR232;2008;57184
FR232;2010;56930
FR232;2012;48355
FR241;2008;11802
FR241;2010;10478
FR241;2012;11457
FR242;2008;20075
FR242;2010;16970
FR242;2012;23693
FR243;2008;11392
FR243;2010;9303
FR243;2012;7200
FR244;2008;18395
FR244;2010;20316
FR244;2012;20818
FR245;2008;10480
FR245;2010;13452
FR245;2012;9847
FR246;2008;29879
FR246;2010;30999
FR246;2012;26137
FR251;2008;28433
FR251;2010;24341
FR251;2012;22523
FR252;2008;20215
FR252;2010;16078
FR252;2012;18807
FR253;2008;12477
FR253;2010;12292
FR253;2012;12020
FR261;2008;26001
FR261;2010;19697
FR261;2012;20964
FR262;2008;12718
FR262;2010;7646
FR262;2012;8644
FR263;2008;24091
FR263;2010;22115
FR263;2012;21465
FR264;2008;14023
FR264;2010;13550
FR264;2012;13337
FR301;2008;82096
FR301;2010;74012
FR301;2012;67222
FR302;2008;51536
FR302;2010;49142
FR302;2012;54126
FR411;2008;27400
FR411;2010;23192
FR411;2012;18939
FR412;2008;7522
FR412;2010;7973
FR412;2012;6830
FR413;2008;34821
FR413;2010;34655
FR413;2012;35392
FR414;2008;18163
FR414;2010;14146
FR414;2012;17557
FR421;2008;40186
FR421;2010;38541
FR421;2012;32697
FR422;2008;26145
FR422;2010;25308
FR422;2012;23329
FR431;2008;29226
FR431;2010;23250
FR431;2012;21121
FR432;2008;8353
FR432;2010;10224
FR432;2012;7500
FR433;2008;13405
FR433;2010;10636
FR433;2012;7560
FR434;2008;5008
FR434;2010;5275
FR434;2012;2605
FR511;2008;49285
FR511;2010;51876
FR511;2012;43585
FR512;2008;34431
FR512;2010;32758
FR512;2012;32136
FR513;2008;17894
FR513;2010;17366
FR513;2012;20759
FR514;2008;21089
FR514;2010;21597
FR514;2012;25110
FR515;2008;34528
FR515;2010;29086
FR515;2012;32191
FR521;2008;31799
FR521;2010;26515
FR521;2012;28077
FR522;2008;39810
FR522;2010;28269
FR522;2012;33531
FR523;2008;56038
FR523;2010;41430
FR523;2012;45869
FR524;2008;30581
FR524;2010;28751
FR524;2012;27216
FR531;2008;15066
FR531;2010;18815
FR531;2012;20023
FR532;2008;19383
FR532;2010;22250
FR532;2012;25979
FR533;2008;19892
FR533;2010;19990
FR533;2012;17692
FR534;2008;19884
FR534;2010;14528
FR534;2012;18092
FR611;2008;15793
FR611;2010;14702
FR611;2012;16786
FR612;2008;46365
FR612;2010;50501
FR612;2012;52013
FR613;2008;24046
FR613;2010;19851
FR613;2012;22760
FR614;2008;12321
FR614;2010;11596
FR614;2012;12185
FR615;2008;24986
FR615;2010;23024
FR615;2012;25792
FR621;2008;3587
FR621;2010;4349
FR621;2012;3544
FR622;2008;12616
FR622;2010;11577
FR622;2012;8314
FR623;2008;46588
FR623;2010;37301
FR623;2012;34881
FR624;2008;7726
FR624;2010;6818
FR624;2012;6245
FR625;2008;5323
FR625;2010;4975
FR625;2012;6822
FR626;2008;5500
FR626;2010;5568
FR626;2012;6314
FR627;2008;11004
FR627;2010;11770
FR627;2012;11285
FR628;2008;8914
FR628;2010;9894
FR628;2012;7840
FR631;2008;15292
FR631;2010;6858
FR631;2012;8982
FR632;2008;3788
FR632;2010;5671
FR632;2012;3910
FR633;2008;13581
FR633;2010;9938
FR633;2012;9527
FR711;2008;30394
FR711;2010;22212
FR711;2012;23760
FR712;2008;8218
FR712;2010;6283
FR712;2012;6467
FR713;2008;22264
FR713;2010;17427
FR713;2012;19025
FR714;2008;42837
FR714;2010;34443
FR714;2012;41987
FR715;2008;26408
FR715;2010;19413
FR715;2012;24816
FR716;2008;64100
FR716;2010;47108
FR716;2012;48672
FR717;2008;15432
FR717;2010;13558
FR717;2012;14864
FR718;2008;27622
FR718;2010;21688
FR718;2012;25827
FR721;2008;11739
FR721;2010;11773
FR721;2012;12616
FR722;2008;4344
FR722;2010;5829
FR722;2012;5222
FR723;2008;5865
FR723;2010;7861
FR723;2012;7061
FR724;2008;18854
FR724;2010;22097
FR724;2012;20664
FR811;2008;8360
FR811;2010;11528
FR811;2012;14574
FR812;2008;19691
FR812;2010;15957
FR812;2012;22428
FR813;2008;29461
FR813;2010;32478
FR813;2012;29689
FR814;2008;2111
FR814;2010;2679
FR814;2012;3624
FR815;2008;14967
FR815;2010;10571
FR815;2012;10716
FR821;2008;4674
FR821;2010;4828
FR821;2012;5387
FR822;2008;6419
FR822;2010;5609
FR822;2012;7701
FR823;2008;19236
FR823;2010;18795
FR823;2012;23575
FR824;2008;64445
FR824;2010;57844
FR824;2012;60325
FR825;2008;22660
FR825;2010;31901
FR825;2012;33550
FR826;2008;24188
FR826;2010;23114
FR826;2012;19865
FR831;2008;3337
FR831;2010;8303
FR831;2012;4663
FR832;2008;4107
FR832;2010;4139
FR832;2012;6057
FRB01;2018;10245
FRB02;2018;11379
FRB03;2018;9726
FRB04;2018;14247
FRB05;2018;8173
FRB06;2018;18326
FRC11;2018;12047
FRC12;2018;4059
FRC13;2018;17909
FRC14;2018;10726
FRC21;2018;14516
FRC22;2018;8259
FRC23;2018;7080
FRC24;2018;1579
FRD11;2018;17608
FRD12;2018;11769
FRD13;2018;9187
FRD21;2018;15704
FRD22;2018;47626
FRE11;2018;63375
FRE12;2018;48337
FRE21;2018;18432
FRE22;2018;27113
FRE23;2018;20391
11,00FRF;2018;29122
12,00FRF;2018;16165
21,00FRF;2018;7576
22,00FRF;2018;15783
23,00FRF;2018;26150
24,00FRF;2018;6375
31,00FRF;2018;14300
32,00FRF;2018;5678
33,00FRF;2018;15544
34,00FRF;2018;10894
FRG01;2018;42670
FRG02;2018;23967
FRG03;2018;18095
FRG04;2018;17501
FRG05;2018;27941
FRH01;2018;19907
FRH02;2018;24692
FRH03;2018;47672
FRH04;2018;19764
FRI11;2018;6355
FRI12;2018;31653
FRI13;2018;16654
FRI14;2018;10414
FRI15;2018;19307
FRI21;2018;8044
FRI22;2018;2801
FRI23;2018;8724
FRI31;2018;9626
FRI32;2018;18586
FRI33;2018;17760
FRI34;2018;11606
FRJ11;2018;6777
FRJ12;2018;14620
FRJ13;2018;15184
FRJ14;2018;2129
FRJ15;2018;7470
FRJ21;2018;3113
FRJ22;2018;9881
FRJ23;2018;28972
FRJ24;2018;5330
FRJ25;2018;4266
FRJ26;2018;3397
FRJ27;2018;4865
FRJ28;2018;7014
FRK11;2018;9767
FRK12;2018;2994
FRK13;2018;4803
FRK14;2018;16279
FRK21;2018;24166
FRK22;2018;5261
FRK23;2018;16528
FRK24;2018;31686
FRK25;2018;20831
FRK26;2018;42379
FRK27;2018;13537
FRK28;2018;21361
FRL01;2018;3185
FRL02;2018;2631
FRL03;2018;20697
FRL04;2018;53467
FRL05;2018;18769
FRL06;2018;17223
FRM01;2018;1666
FRM02;2018;2680
HR011;2008;16666
HR011;2010;11321
HR012;2008;10123
HR012;2010;5777
HR013;2008;3662
HR013;2010;1781
HR014;2008;5179
HR014;2010;3405
HR015;2008;3762
HR015;2010;1598
HR016;2008;2079
HR016;2010;1344
HR021;2008;2905
HR021;2010;1846
HR022;2008;1367
HR022;2010;1001
HR023;2008;1383
HR023;2010;1075
HR024;2008;2585
HR024;2010;1664
HR025;2008;11448
HR025;2010;5941
HR026;2008;2411
HR026;2010;2243
HR027;2008;3367
HR027;2010;2157
HR028;2008;3334
HR028;2010;2645
HR031;2008;9627
HR031;2010;6343
HR031;2012;5512
HR031;2018;5824
HR032;2008;2094
HR032;2010;1304
HR032;2012;825
HR032;2018;1141
HR033;2008;3481
HR033;2010;3670
HR033;2012;1911
HR033;2018;2306
HR034;2008;1931
HR034;2010;1233
HR034;2012;852
HR034;2018;996
HR035;2008;7730
HR035;2010;5705
HR035;2012;5254
HR035;2018;4475
HR036;2008;6400
HR036;2010;4580
HR036;2012;3816
HR036;2018;5425
HR037;2008;2163
HR037;2010;1558
HR037;2012;1139
HR037;2018;1140
HR041;2012;8822
HR041;2018;8674
HR042;2012;5617
HR042;2018;4840
HR043;2012;1326
HR043;2018;1455
HR044;2012;3796
HR044;2018;2392
HR045;2012;2941
HR045;2018;1985
HR046;2012;1472
HR046;2018;1207
HR047;2012;1585
HR047;2018;1771
HR048;2012;1004
HR048;2018;1182
HR049;2012;795
HR049;2018;788
HR04A;2012;1399
HR04A;2018;1517
HR04B;2012;4499
HR04B;2018;5478
HR04C;2012;2366
HR04C;2018;2209
HR04D;2012;1860
HR04D;2018;2448
HR04E;2012;2292
HR04E;2018;2532
HU101;2008;27482
HU101;2010;16816
HU101;2012;12759
HU102;2008;36159
HU102;2010;25506
HU102;2012;17725
HU110;2018;14569
HU120;2018;31202
HU211;2008;13570
HU211;2010;10761
HU211;2012;8254
HU211;2018;10491
HU212;2008;10285
HU212;2010;7555
HU212;2012;7059
HU212;2018;6392
HU213;2008;9415
HU213;2010;9388
HU213;2012;6147
HU213;2018;6787
HU221;2008;12489
HU221;2010;9940
HU221;2012;8705
HU221;2018;10471
HU222;2008;7762
HU222;2010;5584
HU222;2012;4652
HU222;2018;4216
HU223;2008;9781
HU223;2010;6271
HU223;2012;4390
HU223;2018;4883
HU231;2008;16071
HU231;2010;7655
HU231;2012;4960
HU231;2018;5591
HU232;2008;7277
HU232;2010;7116
HU232;2012;3898
HU232;2018;7027
HU233;2008;16603
HU233;2010;5279
HU233;2012;3819
HU233;2018;4269
HU311;2008;13667
HU311;2010;9475
HU311;2012;7367
HU311;2018;7885
HU312;2008;5416
HU312;2010;5275
HU312;2012;5286
HU312;2018;6255
HU313;2008;2058
HU313;2010;1705
HU313;2012;1363
HU313;2018;3110
HU321;2008;10957
HU321;2010;8724
HU321;2012;6225
HU321;2018;10920
HU322;2008;8724
HU322;2010;8228
HU322;2012;7011
HU322;2018;7315
HU323;2008;8432
HU323;2010;7610
HU323;2012;6874
HU323;2018;8754
HU331;2008;9618
HU331;2010;11388
HU331;2012;7933
HU331;2018;11270
HU332;2008;6734
HU332;2010;5696
HU332;2012;5380
HU332;2018;7457
HU333;2008;8583
HU333;2010;9440
HU333;2012;4563
HU333;2018;7895
IE011;2008;24006
IE011;2010;11577
IE011;2012;11347
IE012;2008;23689
IE012;2010;8217
IE012;2012;6266
IE013;2008;22846
IE013;2010;9640
IE013;2012;8385
IE021;2008;43981
IE021;2010;22617
IE021;2012;20884
IE022;2008;35107
IE022;2010;13456
IE022;2012;10566
IE023;2008;25250
IE023;2010;12305
IE023;2012;8641
IE024;2008;28883
IE024;2010;15606
IE024;2012;14011
IE025;2008;37691
IE025;2010;22221
IE025;2012;19418
IE041;2018;15436
IE042;2018;10968
IE051;2018;15115
IE052;2018;15741
IE053;2018;22405
IE061;2018;32515
IE062;2018;20825
IE063;2018;8640
ITC11;2008;50647
ITC11;2010;40795
ITC11;2012;31960
ITC11;2018;23146
ITC12;2008;4414
ITC12;2010;8304
ITC12;2012;4065
ITC12;2018;1955
ITC13;2008;3040
ITC13;2010;4339
ITC13;2012;2844
ITC13;2018;1695
ITC14;2008;3091
ITC14;2010;2233
ITC14;2012;3308
ITC14;2018;3044
ITC15;2008;13979
ITC15;2010;12224
ITC15;2012;10199
ITC15;2018;8035
ITC16;2008;33140
ITC16;2010;36642
ITC16;2012;26628
ITC16;2018;19588
ITC17;2008;9502
ITC17;2010;7220
ITC17;2012;7868
ITC17;2018;3264
ITC18;2008;16225
ITC18;2010;18659
ITC18;2012;13589
ITC18;2018;10964
ITC20;2008;2345
ITC20;2010;3605
ITC20;2012;2382
ITC20;2018;1035
ITC31;2008;3930
ITC31;2010;6661
ITC31;2012;3458
ITC31;2018;1182
ITC32;2008;7909
ITC32;2010;13755
ITC32;2012;5267
ITC32;2018;6660
ITC33;2008;13374
ITC33;2010;14484
ITC33;2012;15384
ITC33;2018;13252
ITC34;2008;4109
ITC34;2010;4719
ITC34;2012;4112
ITC34;2018;6349
ITC41;2008;17363
ITC41;2010;24994
ITC41;2012;18298
ITC41;2018;12178
ITC42;2008;13849
ITC42;2010;11922
ITC42;2012;8867
ITC42;2018;6109
ITC43;2008;11553
ITC43;2010;7920
ITC43;2012;9347
ITC43;2018;5481
ITC44;2008;7294
ITC44;2010;10767
ITC44;2012;3346
ITC44;2018;2218
ITC45;2008;80274
ITC45;2010;79115
ITC46;2008;41617
ITC46;2010;43740
ITC46;2012;40167
ITC46;2018;28259
ITC47;2008;55533
ITC47;2010;52014
ITC47;2012;50178
ITC47;2018;45210
ITC48;2008;15104
ITC48;2010;16626
ITC48;2012;12243
ITC48;2018;14209
ITC49;2008;9261
ITC49;2010;6504
ITC49;2012;5571
ITC49;2018;5303
ITC4A;2008;16415
ITC4A;2010;17365
ITC4A;2012;16916
ITC4A;2018;15838
ITC4B;2008;30996
ITC4B;2010;32834
ITC4B;2012;17954
ITC4B;2018;14992
ITC4C;2012;46963
ITC4C;2018;40579
ITC4D;2012;10405
ITC4D;2018;9735
ITD10;2008;27344
ITD10;2010;28185
ITD20;2008;32654
ITD20;2010;26614
ITD31;2008;39908
ITD31;2010;32298
ITD32;2008;34610
ITD32;2010;33352
ITD33;2008;4263
ITD33;2010;3288
ITD34;2008;40496
ITD34;2010;33244
ITD35;2008;29362
ITD35;2010;28538
ITD36;2008;37451
ITD36;2010;38877
ITD37;2008;6332
ITD37;2010;8106
ITD41;2008;11047
ITD41;2010;8272
ITD42;2008;21912
ITD42;2010;22905
ITD43;2008;4085
ITD43;2010;5961
ITD44;2008;3205
ITD44;2010;3526
ITD51;2008;17529
ITD51;2010;26421
ITD52;2008;15263
ITD52;2010;19017
ITD53;2008;20825
ITD53;2010;17859
ITD54;2008;40608
ITD54;2010;31065
ITD55;2008;32080
ITD55;2010;29405
ITD56;2008;10868
ITD56;2010;12152
ITD57;2008;23144
ITD57;2010;25886
ITD58;2008;21736
ITD58;2010;16617
ITD59;2008;10447
ITD59;2010;7492
ITE11;2008;3496
ITE11;2010;10094
ITE12;2008;9696
ITE12;2010;13019
ITE13;2008;5169
ITE13;2010;11599
ITE14;2008;32034
ITE14;2010;26146
ITE15;2008;2878
ITE15;2010;4218
ITE16;2008;18796
ITE16;2010;15051
ITE17;2008;10577
ITE17;2010;9819
ITE18;2008;10991
ITE18;2010;7844
ITE19;2008;6823
ITE19;2010;9489
ITE1A;2008;4940
ITE1A;2010;10556
ITE21;2008;40116
ITE21;2010;22998
ITE22;2008;11275
ITE22;2010;6973
ITE31;2008;9676
ITE31;2010;11719
ITE32;2008;16170
ITE32;2010;10591
ITE33;2008;5755
ITE33;2010;6310
ITE34;2008;5811
ITE34;2010;6510
ITE41;2008;5715
ITE41;2010;6238
ITE42;2008;1633
ITE42;2010;2754
ITE43;2008;55013
ITE43;2010;65712
ITE44;2008;9901
ITE44;2010;7699
ITE45;2008;11258
ITE45;2010;9924
ITF11;2008;6102
ITF11;2010;5060
ITF11;2012;4056
ITF11;2018;2406
ITF12;2008;6318
ITF12;2010;6630
ITF12;2012;4709
ITF12;2018;2650
ITF13;2008;7422
ITF13;2010;5250
ITF13;2012;3612
ITF13;2018;2474
ITF14;2008;14750
ITF14;2010;18830
ITF14;2012;10229
ITF14;2018;4961
ITF21;2008;2998
ITF21;2010;1569
ITF21;2012;547
ITF21;2018;1001
ITF22;2008;4830
ITF22;2010;6611
ITF22;2012;2910
ITF22;2018;2217
ITF31;2008;12268
ITF31;2010;8159
ITF31;2012;7005
ITF31;2018;9498
ITF32;2008;5083
ITF32;2010;3951
ITF32;2012;4520
ITF32;2018;1782
ITF33;2008;14392
ITF33;2010;20371
ITF33;2012;12238
ITF33;2018;13732
ITF34;2008;9340
ITF34;2010;5851
ITF34;2012;2550
ITF34;2018;2453
ITF35;2008;14182
ITF35;2010;22319
ITF35;2012;9045
ITF35;2018;11532
ITF41;2008;4866
ITF41;2010;7574
ITF42;2008;17247
ITF42;2010;25087
ITF43;2008;7101
ITF43;2010;7893
ITF43;2012;5811
ITF43;2018;7049
ITF44;2008;3273
ITF44;2010;3282
ITF44;2012;2342
ITF44;2018;2522
ITF45;2008;8845
ITF45;2010;9374
ITF45;2012;7071
ITF45;2018;3477
ITF46;2012;5967
ITF46;2018;6327
ITF47;2012;14995
ITF47;2018;11233
ITF48;2012;1935
ITF48;2018;1985
ITF51;2008;5900
ITF51;2010;7067
ITF51;2012;6728
ITF51;2018;7014
ITF52;2008;3245
ITF52;2010;4922
ITF52;2012;7751
ITF52;2018;1808
ITF61;2008;4501
ITF61;2010;6885
ITF61;2012;5699
ITF61;2018;3659
ITF62;2008;1759
ITF62;2010;941
ITF62;2012;2683
ITF62;2018;1291
ITF63;2008;15306
ITF63;2010;17229
ITF63;2012;3547
ITF63;2018;2813
ITF64;2008;1468
ITF64;2010;3236
ITF64;2012;530
ITF64;2018;1237
ITF65;2008;7266
ITF65;2010;9567
ITF65;2012;3772
ITF65;2018;3404
ITG11;2008;1619
ITG11;2010;1863
ITG11;2012;1238
ITG11;2018;2097
ITG12;2008;6858
ITG12;2010;5004
ITG12;2012;4105
ITG12;2018;5209
ITG13;2008;7743
ITG13;2010;3791
ITG13;2012;2782
ITG13;2018;2005
ITG14;2008;5387
ITG14;2010;5108
ITG14;2012;1320
ITG14;2018;1663
ITG15;2008;2364
ITG15;2010;1953
ITG15;2012;6423
ITG15;2018;4756
ITG16;2008;1869
ITG16;2010;940
ITG16;2012;671
ITG16;2018;578
ITG17;2008;14016
ITG17;2010;14610
ITG17;2012;6108
ITG17;2018;7618
ITG18;2008;6682
ITG18;2010;3941
ITG18;2012;8099
ITG18;2018;3227
ITG19;2008;6935
ITG19;2010;3432
ITG19;2012;1829
ITG19;2018;3072
ITG25;2008;5146
ITG25;2010;5558
ITG25;2012;3459
ITG25;2018;2310
ITG26;2008;1776
ITG26;2010;631
ITG26;2012;581
ITG26;2018;1363
ITG27;2008;5565
ITG27;2010;7096
ITG27;2012;10747
ITG27;2018;4361
ITG28;2008;1338
ITG28;2010;3480
ITG28;2012;765
ITG28;2018;2301
ITG29;2008;2752
ITG29;2010;1183
ITG29;2012;1759
ITG29;2018;1861
ITG2A;2008;40
ITG2A;2010;288
ITG2A;2012;643
ITG2A;2018;58
ITG2B;2008;2364
ITG2B;2010;6995
ITG2B;2012;1113
ITG2B;2018;1157
ITG2C;2008;2182
ITG2C;2010;2047
ITG2C;2012;1417
ITG2C;2018;340
ITH10;2012;18565
ITH10;2018;15943
ITH20;2012;18155
ITH20;2018;13990
ITH31;2012;34125
ITH31;2018;28688
ITH32;2012;28363
ITH32;2018;28758
ITH33;2012;4417
ITH33;2018;2363
ITH34;2012;24940
ITH34;2018;27761
ITH35;2012;23451
ITH35;2018;16857
ITH36;2012;22372
ITH36;2018;19306
ITH37;2012;6159
ITH37;2018;6188
ITH41;2012;6799
ITH41;2018;5715
ITH42;2012;14866
ITH42;2018;11805
ITH43;2012;3219
ITH43;2018;1568
ITH44;2012;3404
ITH44;2018;2212
ITH51;2012;16040
ITH51;2018;11200
ITH52;2012;26415
ITH52;2018;12378
ITH53;2012;19745
ITH53;2018;13580
ITH54;2012;17569
ITH54;2018;21298
ITH55;2012;25126
ITH55;2018;15932
ITH56;2012;7018
ITH56;2018;6738
ITH57;2012;22236
ITH57;2018;14399
ITH58;2012;16933
ITH58;2018;10820
ITH59;2012;6091
ITH59;2018;4790
ITI11;2012;1698
ITI11;2018;4225
ITI12;2012;7335
ITI12;2018;8207
ITI13;2012;4969
ITI13;2018;3210
ITI14;2012;22955
ITI14;2018;13250
ITI15;2012;2564
ITI15;2018;3913
ITI16;2012;11545
ITI16;2018;8848
ITI17;2012;6652
ITI17;2018;6951
ITI18;2012;5162
ITI18;2018;4794
ITI19;2012;2947
ITI19;2018;4703
ITI1A;2012;2587
ITI1A;2018;10144
ITI21;2012;10935
ITI21;2018;16185
ITI22;2012;4774
ITI22;2018;6630
ITI31;2012;7557
ITI31;2018;3968
ITI32;2012;11407
ITI32;2018;6174
ITI33;2012;2890
ITI33;2018;4438
ITI34;2012;5307
ITI34;2018;3192
ITI35;2012;1794
ITI35;2018;907
ITI41;2012;10284
ITI41;2018;3068
ITI42;2012;1602
ITI42;2018;2523
ITI43;2012;36541
ITI43;2018;23414
ITI44;2012;6274
ITI44;2018;4966
ITI45;2012;10308
ITI45;2018;7639
LT001;2008;2402
LT001;2010;1995
LT001;2012;2178
LT002;2008;8587
LT002;2010;6125
LT002;2012;6024
LT003;2008;6936
LT003;2010;4370
LT003;2012;4229
LT004;2008;2270
LT004;2010;1913
LT004;2012;1810
LT005;2008;4165
LT005;2010;2650
LT005;2012;2636
LT006;2008;4083
LT006;2010;3425
LT006;2012;3340
LT007;2008;1460
LT007;2010;1184
LT007;2012;1203
LT008;2008;2761
LT008;2010;1819
LT008;2012;1720
LT009;2008;2545
LT009;2010;1560
LT009;2012;1259
LT00A;2008;11118
LT00A;2010;5872
LT00A;2012;6593
LT011;2018;8112
LT021;2018;1927
LT022;2018;9072
LT023;2018;7589
LT024;2018;2895
LT025;2018;3941
LT026;2018;4461
LT027;2018;1669
LT028;2018;1987
LT029;2018;1681
LU000;2008;27504
LU000;2010;27803
LU000;2012;29148
LU000;2018;21768
LV003;2008;10028
LV003;2010;7628
LV003;2012;11238
LV003;2018;12472
LV005;2008;5626
LV005;2010;5564
LV005;2012;3939
LV005;2018;6729
LV006;2008;11496
LV006;2010;10029
LV006;2012;11124
LV006;2018;14952
LV007;2008;8878
LV007;2010;7437
LV007;2012;8011
LV007;2018;10207
LV008;2008;6022
LV008;2010;5571
LV008;2012;5808
LV008;2018;8646
LV009;2008;7260
LV009;2010;6833
LV009;2012;6110
LV009;2018;9496
ME000;2018;744
NL111;2008;6601
NL111;2010;6216
NL111;2012;6133
NL111;2018;5163
NL112;2008;3667
NL112;2010;4077
NL112;2012;3130
NL112;2018;4629
NL113;2008;12331
NL113;2010;15166
NL113;2012;12734
NL113;2018;17690
NL121;2008;10409
NL121;2010;9029
NL121;2012;10478
NL122;2008;2890
NL122;2010;4479
NL122;2012;3638
NL123;2008;7952
NL123;2010;8082
NL123;2012;7783
NL124;2018;11635
NL125;2018;5817
NL126;2018;9508
NL131;2008;6173
NL131;2010;6519
NL131;2012;6120
NL131;2018;6641
NL132;2008;5565
NL132;2010;5635
NL132;2012;6086
NL132;2018;4886
NL133;2008;4291
NL133;2010;4809
NL133;2012;3675
NL133;2018;5618
NL211;2008;14343
NL211;2010;16054
NL211;2012;13816
NL211;2018;14212
NL212;2008;3570
NL212;2010;3552
NL212;2012;2612
NL212;2018;4794
NL213;2008;15833
NL213;2010;14627
NL213;2012;12847
NL213;2018;14384
NL221;2008;17816
NL221;2010;21308
NL221;2012;24460
NL221;2018;21866
NL224;2008;10881
NL224;2010;10227
NL224;2012;11166
NL224;2018;12582
NL225;2008;12539
NL225;2010;16846
NL225;2012;12302
NL225;2018;12736
NL226;2008;15250
NL226;2010;16457
NL226;2012;17425
NL226;2018;16612
NL230;2008;11821
NL230;2010;12418
NL230;2012;10889
NL230;2018;15638
NL310;2008;27457
NL310;2010;30012
NL310;2012;26547
NL310;2018;28998
NL321;2008;8326
NL321;2010;8692
NL321;2012;10564
NL321;2018;12224
NL322;2008;4372
NL322;2010;5658
NL322;2012;3846
NL323;2008;3453
NL323;2010;4712
NL323;2012;4910
NL323;2018;4761
NL324;2008;1855
NL324;2010;2587
NL324;2012;2347
NL324;2018;1917
NL325;2008;5102
NL325;2010;5567
NL325;2012;4314
NL325;2018;6871
NL326;2008;26803
NL326;2010;34169
NL326;2012;27638
NL327;2008;3721
NL327;2010;2680
NL327;2012;3455
NL327;2018;2756
NL328;2018;5485
NL329;2018;32234
NL331;2008;6685
NL331;2010;9742
NL332;2008;9370
NL332;2010;9274
NL332;2012;6688
NL332;2018;9029
NL333;2008;9614
NL333;2010;10569
NL333;2012;9695
NL333;2018;9201
NL334;2008;9004
NL334;2010;8181
NL335;2008;56778
NL335;2010;57582
NL336;2008;13434
NL336;2010;15158
NL337;2012;7352
NL337;2018;7770
NL338;2012;10710
NL339;2012;61538
NL33A;2012;12210
NL33A;2018;12914
NL33B;2018;12000
NL33C;2018;56184
NL341;2008;3757
NL341;2010;3705
NL341;2012;3765
NL341;2018;4539
NL342;2008;12286
NL342;2010;12099
NL342;2012;11009
NL342;2018;12625
NL411;2008;23980
NL411;2010;26965
NL411;2012;24195
NL411;2018;32054
NL412;2008;11909
NL412;2010;15009
NL412;2012;16346
NL412;2018;16726
NL413;2008;21431
NL413;2010;23024
NL413;2012;24674
NL413;2018;24361
NL414;2008;24094
NL414;2010;23178
NL414;2012;22737
NL414;2018;25607
NL421;2008;13319
NL421;2010;12354
NL421;2012;13654
NL421;2018;17325
NL422;2008;9031
NL422;2010;8221
NL422;2012;7304
NL422;2018;7556
NL423;2008;16865
NL423;2010;15923
NL423;2012;16451
NL423;2018;18616
NO011;2008;26241
NO011;2010;23128
NO011;2012;18248
NO011;2018;10518
NO012;2008;34207
NO012;2010;30785
NO012;2012;35279
NO012;2018;28822
NO021;2008;10660
NO021;2010;10714
NO021;2012;12134
NO021;2018;23349
NO022;2008;8678
NO022;2010;10280
NO022;2012;11046
NO022;2018;7805
NO031;2008;34172
NO031;2010;26384
NO031;2012;25706
NO031;2018;16055
NO032;2008;11208
NO032;2010;12791
NO032;2012;10794
NO032;2018;10096
NO033;2008;14016
NO033;2010;16297
NO033;2012;8416
NO033;2018;12150
NO034;2008;8338
NO034;2010;6320
NO034;2012;7250
NO034;2018;9314
NO041;2008;7752
NO041;2010;4513
NO041;2012;8476
NO041;2018;7906
NO042;2008;9368
NO042;2010;8300
NO042;2012;8251
NO042;2018;5025
NO043;2008;31666
NO043;2010;25468
NO043;2012;21475
NO043;2018;39382
NO051;2008;22713
NO051;2010;17510
NO051;2012;14765
NO051;2018;22391
NO052;2008;7479
NO052;2010;25211
NO052;2012;4331
NO052;2018;11515
NO053;2008;16247
NO053;2010;14213
NO053;2012;15236
NO053;2018;13152
NO060;2018;9525
NO061;2008;9736
NO061;2010;8584
NO061;2012;20746
NO062;2008;8199
NO062;2010;6602
NO062;2012;7587
NO071;2008;12537
NO071;2010;8915
NO071;2012;9972
NO071;2018;12401
NO072;2008;7084
NO072;2010;3727
NO072;2012;3035
NO072;2018;2981
NO073;2008;1770
NO073;2010;1196
NO073;2012;3452
NO073;2018;6557
PL113;2008;11871
PL113;2010;11498
PL113;2012;10116
PL114;2008;10354
PL114;2010;8990
PL114;2012;13564
PL115;2008;18283
PL115;2010;21044
PL115;2012;20209
PL116;2008;8759
PL116;2010;9579
PL116;2012;22357
PL117;2008;12552
PL117;2010;9420
PL117;2012;15840
PL121;2008;20321
PL121;2010;20387
PL121;2012;22674
PL122;2008;21165
PL122;2010;18884
PL122;2012;20741
PL127;2008;39279
PL127;2010;35365
PL127;2012;39408
PL128;2008;15169
PL128;2010;11935
PL128;2012;12840
PL129;2008;14747
PL129;2010;19745
PL129;2012;14037
PL12A;2008;24909
PL12A;2010;27040
PL12A;2012;31522
PL213;2008;17786
PL213;2010;14728
PL213;2012;15820
PL213;2018;15029
PL214;2008;13836
PL214;2010;19562
PL214;2012;13565
PL214;2018;15789
PL215;2008;10861
PL215;2010;16981
PL215;2012;13148
PL216;2008;17520
PL216;2010;14034
PL216;2012;13626
PL217;2008;8093
PL217;2010;12561
PL217;2012;12340
PL217;2018;11852
PL218;2018;12591
PL219;2018;12546
PL21A;2018;9574
PL224;2008;13686
PL224;2010;12057
PL224;2012;8992
PL224;2018;12913
PL225;2008;12726
PL225;2010;15352
PL225;2012;21165
PL225;2018;13782
PL227;2008;27467
PL227;2010;21599
PL227;2012;21972
PL227;2018;10939
PL228;2008;12322
PL228;2010;16072
PL228;2012;9807
PL228;2018;10193
PL229;2008;22564
PL229;2010;22167
PL229;2012;15735
PL229;2018;12839
PL22A;2008;18855
PL22A;2010;21339
PL22A;2012;19365
PL22A;2018;18040
PL22B;2008;21473
PL22B;2010;18429
PL22B;2012;21398
PL22B;2018;23676
PL22C;2008;13083
PL22C;2010;14654
PL22C;2012;12691
PL22C;2018;13892
PL311;2008;7323
PL311;2010;6329
PL311;2012;5205
PL312;2008;13957
PL312;2010;13820
PL312;2012;12036
PL314;2008;14149
PL314;2010;14565
PL314;2012;24240
PL315;2008;4975
PL315;2010;5868
PL315;2012;7607
PL323;2008;14490
PL323;2010;12217
PL323;2012;9995
PL324;2008;4868
PL324;2010;9227
PL324;2012;14701
PL325;2008;11844
PL325;2010;15839
PL325;2012;18837
PL326;2008;12643
PL326;2010;16274
PL326;2012;11829
PL331;2008;39500
PL331;2010;26228
PL331;2012;30651
PL332;2008;11039
PL332;2010;11383
PL332;2012;16047
PL343;2008;16389
PL343;2010;13976
PL343;2012;22004
PL344;2008;10689
PL344;2010;8983
PL344;2012;12374
PL345;2008;9400
PL345;2010;6932
PL345;2012;8151
PL411;2008;7982
PL411;2010;11993
PL411;2012;10053
PL411;2018;11062
PL414;2008;19828
PL414;2010;19288
PL414;2012;19073
PL414;2018;24790
PL415;2008;19329
PL415;2010;13933
PL415;2012;9779
PL415;2018;11631
PL416;2008;13874
PL416;2010;22351
PL416;2012;22929
PL416;2018;25328
PL417;2008;12734
PL417;2010;20515
PL417;2012;23995
PL417;2018;21159
PL418;2008;13111
PL418;2010;19808
PL418;2012;35072
PL418;2018;28905
PL422;2008;11983
PL422;2010;17039
PL422;2012;15545
PL423;2008;14727
PL423;2010;7865
PL423;2012;7311
PL424;2008;9649
PL424;2010;10955
PL424;2012;11926
PL424;2018;12442
PL425;2008;9037
PL425;2010;11977
PL425;2012;11145
PL426;2018;10085
PL427;2018;8308
PL428;2018;15375
PL431;2008;9704
PL431;2010;12005
PL431;2012;9672
PL431;2018;9963
PL432;2008;14041
PL432;2010;27825
PL432;2012;14886
PL432;2018;17829
PL514;2008;14675
PL514;2010;16980
PL514;2012;15001
PL514;2018;12159
PL515;2008;20013
PL515;2010;12055
PL515;2012;13130
PL515;2018;18638
PL516;2008;15507
PL516;2010;11174
PL516;2012;16142
PL516;2018;22851
PL517;2008;17595
PL517;2010;19650
PL517;2012;15682
PL517;2018;11465
PL518;2008;18681
PL518;2010;26817
PL518;2012;33463
PL518;2018;23255
PL521;2008;7331
PL521;2010;10080
PL521;2012;10398
PL522;2008;15430
PL522;2010;15420
PL522;2012;15643
PL523;2018;9120
PL524;2018;22316
PL613;2008;18721
PL613;2010;19078
PL613;2012;18454
PL613;2018;31621
PL614;2008;14059
PL614;2010;23902
PL614;2012;13135
PL615;2008;16049
PL615;2010;24379
PL615;2012;20391
PL616;2018;13069
PL617;2018;18404
PL618;2018;8014
PL619;2018;6989
PL621;2008;12685
PL621;2010;15783
PL621;2012;11708
PL621;2018;17682
PL622;2008;18044
PL622;2010;24133
PL622;2012;24355
PL622;2018;15546
PL623;2008;6467
PL623;2010;13563
PL623;2012;8233
PL623;2018;6714
PL631;2008;13391
PL631;2010;12904
PL631;2012;10113
PL633;2008;25426
PL633;2010;23879
PL633;2012;26766
PL633;2018;32830
PL634;2008;15344
PL634;2010;15863
PL634;2012;13451
PL634;2018;17354
PL635;2008;10127
PL635;2010;16235
PL635;2012;8414
PL636;2018;6519
PL637;2018;9011
PL638;2018;25653
PL711;2018;11682
PL712;2018;9106
PL713;2018;18625
PL714;2018;11681
PL715;2018;14253
PL721;2018;19450
PL722;2018;12711
PL811;2018;16121
PL812;2018;14122
PL814;2018;20505
PL815;2018;12311
PL821;2018;6640
PL822;2018;7256
PL823;2018;14363
PL824;2018;14494
PL841;2018;12994
PL842;2018;11277
PL843;2018;9416
PL911;2018;29160
PL912;2018;13101
PL913;2018;23272
PL921;2018;16112
PL922;2018;23016
PL923;2018;7736
PL924;2018;13305
PL925;2018;27624
PL926;2018;13324
PT111;2008;7498
PT111;2010;4014
PT111;2012;3050
PT111;2018;3373
PT112;2008;8458
PT112;2010;4652
PT112;2012;3387
PT112;2018;3562
PT113;2008;9334
PT113;2010;6055
PT113;2012;4919
PT114;2008;26913
PT114;2010;23112
PT114;2012;15608
PT115;2008;8236
PT115;2010;8843
PT115;2012;4220
PT116;2008;6142
PT116;2010;5640
PT116;2012;2745
PT117;2008;3266
PT117;2010;4956
PT117;2012;3164
PT118;2008;3600
PT118;2010;4652
PT118;2012;3743
PT119;2018;4045
PT11A;2018;22378
PT11B;2018;1341
PT11C;2018;3422
PT11D;2018;1462
PT11E;2018;743
PT150;2008;16423
PT150;2010;9594
PT150;2012;5720
PT150;2018;4950
PT161;2008;15368
PT161;2010;10292
PT161;2012;8182
PT162;2008;15421
PT162;2010;8247
PT162;2012;6005
PT163;2008;11263
PT163;2010;9944
PT163;2012;7028
PT164;2008;4609
PT164;2010;2533
PT164;2012;3822
PT165;2008;6467
PT165;2010;5429
PT165;2012;3528
PT166;2008;1110
PT166;2010;1147
PT166;2012;1408
PT167;2008;621
PT167;2010;324
PT167;2012;257
PT168;2008;1874
PT168;2010;2549
PT168;2012;688
PT169;2008;1489
PT169;2010;1449
PT169;2012;936
PT16A;2008;1495
PT16A;2010;1243
PT16A;2012;613
PT16B;2008;11771
PT16B;2010;11592
PT16B;2012;5942
PT16B;2018;5550
PT16C;2008;7564
PT16C;2010;5659
PT16C;2012;6342
PT16D;2018;8117
PT16E;2018;8988
PT16F;2018;9605
PT16G;2018;3152
PT16H;2018;1093
PT16I;2018;5173
PT16J;2018;1369
PT170;2018;29456
PT171;2008;44166
PT171;2010;30440
PT171;2012;16553
PT172;2008;27267
PT172;2010;15058
PT172;2012;12597
PT181;2008;3874
PT181;2010;5398
PT181;2012;2810
PT181;2018;2654
PT182;2008;3383
PT182;2010;1976
PT182;2012;947
PT183;2008;4713
PT183;2010;2701
PT183;2012;2178
PT184;2008;3864
PT184;2010;2919
PT184;2012;1959
PT184;2018;1494
PT185;2008;11810
PT185;2010;10133
PT185;2012;6136
PT185;2018;6730
PT186;2018;957
PT187;2018;1870
RO111;2008;23860
RO111;2010;11142
RO111;2012;7068
RO111;2018;6636
RO112;2008;6772
RO112;2010;2498
RO112;2012;3539
RO112;2018;4256
RO113;2008;23333
RO113;2010;7218
RO113;2012;6868
RO113;2018;9377
RO114;2008;4813
RO114;2010;2397
RO114;2012;3609
RO114;2018;4512
RO115;2008;3420
RO115;2010;1740
RO115;2012;2373
RO115;2018;3336
RO116;2008;5137
RO116;2010;1285
RO116;2012;925
RO116;2018;1610
RO121;2008;4098
RO121;2010;2746
RO121;2012;5777
RO121;2018;7414
RO122;2008;12092
RO122;2010;5147
RO122;2012;5662
RO122;2018;5374
RO123;2008;1978
RO123;2010;880
RO123;2012;762
RO123;2018;1564
RO124;2008;15695
RO124;2010;1076
RO124;2012;2854
RO124;2018;2935
RO125;2008;12940
RO125;2010;1933
RO125;2012;2876
RO125;2018;7067
RO126;2008;4757
RO126;2010;3671
RO126;2012;8131
RO126;2018;4685
RO211;2008;6073
RO211;2010;4091
RO211;2012;2783
RO211;2018;4770
RO212;2008;8449
RO212;2010;1623
RO212;2012;1413
RO212;2018;656
RO213;2008;7393
RO213;2010;2824
RO213;2012;4961
RO213;2018;3744
RO214;2008;2427
RO214;2010;1307
RO214;2012;1478
RO214;2018;2154
RO215;2008;8040
RO215;2010;5234
RO215;2012;3492
RO215;2018;4922
RO216;2008;838
RO216;2010;649
RO216;2012;1111
RO216;2018;1418
RO221;2008;3043
RO221;2010;1625
RO221;2012;1800
RO221;2018;1506
RO222;2008;5240
RO222;2010;3190
RO222;2012;4659
RO222;2018;5429
RO223;2008;16477
RO223;2010;9229
RO223;2012;10726
RO223;2018;10719
RO224;2008;7341
RO224;2010;4131
RO224;2012;2249
RO224;2018;2868
RO225;2008;2467
RO225;2010;2203
RO225;2012;1089
RO225;2018;2279
RO226;2008;7994
RO226;2010;814
RO226;2012;1506
RO226;2018;1793
RO311;2008;12358
RO311;2010;7210
RO311;2012;6163
RO311;2018;7833
RO312;2008;3744
RO312;2010;3502
RO312;2012;1949
RO312;2018;1779
RO313;2008;4706
RO313;2010;3186
RO313;2012;2223
RO313;2018;2770
RO314;2008;1055
RO314;2010;1024
RO314;2012;1091
RO314;2018;1800
RO315;2008;1508
RO315;2010;1065
RO315;2012;1295
RO315;2018;3372
RO316;2008;8971
RO316;2010;8171
RO316;2012;9600
RO316;2018;5648
RO317;2008;2999
RO317;2010;1876
RO317;2012;1678
RO317;2018;2028
RO321;2008;49377
RO321;2010;15021
RO321;2012;12839
RO321;2018;11538
RO322;2008;5929
RO322;2010;7186
RO322;2012;4365
RO322;2018;7757
RO411;2008;2602
RO411;2010;1567
RO411;2012;1711
RO411;2018;3236
RO412;2008;5790
RO412;2010;4246
RO412;2012;3023
RO412;2018;4754
RO413;2008;3835
RO413;2010;3707
RO413;2012;2585
RO413;2018;2341
RO414;2008;3765
RO414;2010;2151
RO414;2012;2443
RO414;2018;4739
RO415;2008;5865
RO415;2010;2403
RO415;2012;2694
RO415;2018;2002
RO421;2008;6147
RO421;2010;5092
RO421;2012;8308
RO421;2018;4352
RO422;2008;14143
RO422;2010;4036
RO422;2012;4035
RO422;2018;2497
RO423;2008;10836
RO423;2010;5583
RO423;2012;11536
RO423;2018;5423
RO424;2008;9328
RO424;2010;7924
RO424;2012;8468
RO424;2018;7155
SE110;2008;39980
SE110;2010;38129
SE110;2012;32676
SE110;2018;55223
SE121;2008;10302
SE121;2010;10304
SE121;2012;6523
SE121;2018;14930
SE122;2008;7082
SE122;2010;6531
SE122;2012;5698
SE122;2018;12429
SE123;2008;17684
SE123;2010;15698
SE123;2012;12666
SE123;2018;23200
SE124;2008;11767
SE124;2010;12760
SE124;2012;11229
SE124;2018;22397
SE125;2008;9181
SE125;2010;7456
SE125;2012;6926
SE125;2018;12986
SE211;2008;18531
SE211;2010;17069
SE211;2012;14975
SE211;2018;23436
SE212;2008;12711
SE212;2010;7995
SE212;2012;8333
SE212;2018;7248
SE213;2008;13753
SE213;2010;11050
SE213;2012;9437
SE213;2018;12615
SE214;2008;1455
SE214;2010;1547
SE214;2012;3426
SE214;2018;2208
SE221;2008;6151
SE221;2010;6609
SE221;2012;3749
SE221;2018;8076
SE224;2008;44306
SE224;2010;34974
SE224;2012;33488
SE224;2018;50800
SE231;2008;12886
SE231;2010;13559
SE231;2012;11319
SE231;2018;20788
SE232;2008;56999
SE232;2010;46265
SE232;2012;47242
SE232;2018;86074
SE311;2008;17855
SE311;2010;13616
SE311;2012;9370
SE311;2018;18875
SE312;2008;16303
SE312;2010;13570
SE312;2012;12913
SE312;2018;23675
SE313;2008;18855
SE313;2010;9357
SE313;2012;12055
SE313;2018;19688
SE321;2008;19515
SE321;2010;12750
SE321;2012;14167
SE321;2018;16091
SE322;2008;6836
SE322;2010;9219
SE322;2012;6279
SE322;2018;9101
SE331;2008;14875
SE331;2010;15409
SE331;2012;13118
SE331;2018;17842
SE332;2008;10885
SE332;2010;12287
SE332;2012;14419
SE332;2018;17775
SI011;2008;4725
SI011;2010;3572
SI011;2012;2049
SI012;2008;13929
SI012;2010;7567
SI012;2012;5450
SI013;2008;1696
SI013;2010;1843
SI013;2012;1787
SI014;2008;7686
SI014;2010;5776
SI014;2012;4729
SI015;2008;1116
SI015;2010;1752
SI015;2012;836
SI016;2008;4353
SI016;2010;2637
SI016;2012;2063
SI017;2008;5638
SI017;2010;5728
SI017;2012;3564
SI018;2008;1718
SI018;2010;1805
SI018;2012;1414
SI021;2008;14348
SI021;2010;16156
SI021;2012;10351
SI022;2008;6171
SI022;2010;4555
SI022;2012;3711
SI023;2008;3325
SI023;2010;3520
SI023;2012;2392
SI024;2008;6066
SI024;2010;4818
SI024;2012;2498
SI031;2018;1838
SI032;2018;5958
SI033;2018;1468
SI034;2018;6282
SI035;2018;1317
SI036;2018;1865
SI037;2018;5673
SI038;2018;1671
SI041;2018;10967
SI042;2018;6068
SI043;2018;3300
SI044;2018;3745
SK010;2008;20708
SK010;2010;11206
SK010;2012;9398
SK010;2018;11639
SK021;2008;19344
SK021;2010;14776
SK021;2012;12611
SK021;2018;15205
SK022;2008;27062
SK022;2010;14301
SK022;2012;12092
SK022;2018;18918
SK023;2008;17927
SK023;2010;19454
SK023;2012;11033
SK023;2018;21542
SK031;2008;27339
SK031;2010;15029
SK031;2012;15780
SK031;2018;18249
SK032;2008;14887
SK032;2010;11353
SK032;2012;9252
SK032;2018;12904
SK041;2008;22079
SK041;2010;13968
SK041;2012;10699
SK041;2018;14870
SK042;2008;18973
SK042;2010;12092
SK042;2012;13813
SK042;2018;15524
UKC11;2008;10849
UKC11;2010;6797
UKC11;2012;7118
UKC11;2018;8154
UKC12;2008;7640
UKC12;2010;7179
UKC12;2012;6867
UKC12;2018;5680
UKC13;2008;2819
UKC13;2010;2658
UKC13;2012;2655
UKC13;2018;1853
UKC14;2008;16688
UKC14;2010;11396
UKC14;2012;11718
UKC14;2018;11755
UKC21;2008;12502
UKC21;2010;7345
UKC21;2012;9097
UKC21;2018;9436
UKC22;2008;18380
UKC22;2010;14869
UKC22;2012;12975
UKC22;2018;8718
UKC23;2008;6975
UKC23;2010;7913
UKC23;2012;7861
UKC23;2018;4534
UKD11;2008;3875
UKD11;2010;8356
UKD11;2012;7567
UKD11;2018;6791
UKD12;2008;15201
UKD12;2010;16541
UKD12;2012;15253
UKD12;2018;15070
UKD21;2008;18582
UKD21;2010;17343
UKD22;2008;25867
UKD22;2010;21342
UKD31;2008;35551
UKD31;2010;31946
UKD31;2012;27592
UKD32;2008;28475
UKD32;2010;21630
UKD32;2012;22982
UKD33;2018;4588
UKD34;2018;15324
UKD35;2018;5670
UKD36;2018;10027
UKD37;2018;12334
UKD41;2008;6824
UKD41;2010;2316
UKD41;2012;1552
UKD41;2018;2899
UKD42;2008;3461
UKD42;2010;1162
UKD42;2012;1442
UKD42;2018;627
UKD43;2008;43430
UKD43;2010;28899
UKD43;2012;27137
UKD44;2018;8423
UKD45;2018;13328
UKD46;2018;3300
UKD47;2018;7793
UKD51;2008;12653
UKD51;2010;9428
UKD52;2008;12643
UKD52;2010;10974
UKD53;2008;3299
UKD53;2010;3840
UKD54;2008;8098
UKD54;2010;4249
UKD61;2012;8451
UKD61;2018;6722
UKD62;2012;10422
UKD62;2018;8584
UKD63;2012;10142
UKD63;2018;10905
UKD71;2012;22566
UKD71;2018;17512
UKD72;2012;12447
UKD72;2018;9105
UKD73;2012;3489
UKD73;2018;7671
UKD74;2012;2032
UKD74;2018;3006
UKE11;2008;11746
UKE11;2010;8181
UKE11;2012;7535
UKE11;2018;7015
UKE12;2008;12069
UKE12;2010;12996
UKE12;2012;8124
UKE12;2018;11316
UKE13;2008;22854
UKE13;2010;17526
UKE13;2012;20914
UKE13;2018;15427
UKE21;2008;4797
UKE21;2010;5000
UKE21;2012;3032
UKE21;2018;2146
UKE22;2008;27117
UKE22;2010;22349
UKE22;2012;25494
UKE22;2018;26879
UKE31;2008;28216
UKE31;2010;21142
UKE31;2012;19505
UKE31;2018;19874
UKE32;2008;14978
UKE32;2010;9135
UKE32;2012;8823
UKE32;2018;6856
UKE41;2008;7714
UKE41;2010;9227
UKE41;2012;7069
UKE41;2018;7437
UKE42;2008;17449
UKE42;2010;17881
UKE42;2012;17546
UKE42;2018;15071
UKE43;2008;28994
UKE43;2010;27088
UKE44;2012;12408
UKE44;2018;8072
UKE45;2012;14982
UKE45;2018;16474
UKF11;2008;5118
UKF11;2010;3866
UKF11;2012;4447
UKF11;2018;5576
UKF12;2008;6167
UKF12;2010;7077
UKF12;2012;2821
UKF12;2018;5414
UKF13;2008;16288
UKF13;2010;19015
UKF13;2012;12562
UKF13;2018;12225
UKF14;2008;8945
UKF14;2010;7467
UKF14;2012;6399
UKF14;2018;3493
UKF15;2008;20583
UKF15;2010;15668
UKF15;2012;19059
UKF15;2018;17304
UKF16;2008;5530
UKF16;2010;4900
UKF16;2012;6803
UKF16;2018;4689
UKF21;2008;8836
UKF21;2010;10592
UKF21;2012;7672
UKF21;2018;8302
UKF22;2008;27010
UKF22;2010;21080
UKF22;2012;22458
UKF22;2018;31138
UKF23;2008;38006
UKF23;2010;34152
UKF24;2012;18569
UKF24;2018;25794
UKF25;2012;12439
UKF25;2018;17229
UKF30;2008;28280
UKF30;2010;24124
UKF30;2012;22501
UKF30;2018;24074
UKG11;2008;8102
UKG11;2010;4546
UKG11;2012;4643
UKG11;2018;8491
UKG12;2008;16734
UKG12;2010;16202
UKG12;2012;13642
UKG12;2018;12214
UKG13;2008;18592
UKG13;2010;21167
UKG13;2012;22703
UKG13;2018;19570
UKG21;2008;6019
UKG21;2010;4857
UKG21;2012;6145
UKG21;2018;4229
UKG22;2008;13581
UKG22;2010;8058
UKG22;2012;10361
UKG22;2018;10761
UKG23;2008;11039
UKG23;2010;8017
UKG23;2012;5364
UKG23;2018;4565
UKG24;2008;30928
UKG24;2010;28735
UKG24;2012;29637
UKG24;2018;30243
UKG31;2008;24653
UKG31;2010;18030
UKG31;2012;15902
UKG31;2018;10918
UKG32;2008;5810
UKG32;2010;3371
UKG32;2012;3124
UKG32;2018;2536
UKG33;2008;5888
UKG33;2010;9068
UKG33;2012;6695
UKG33;2018;3902
UKG34;2008;16807
UKG34;2010;12900
UKG35;2008;13760
UKG35;2010;12457
UKG36;2012;3818
UKG36;2018;5865
UKG37;2012;9890
UKG37;2018;11463
UKG38;2012;6665
UKG38;2018;6298
UKG39;2012;4811
UKG39;2018;3647
UKH11;2008;8225
UKH11;2010;7518
UKH11;2012;10309
UKH11;2018;8682
UKH12;2008;24944
UKH12;2010;18603
UKH12;2012;22431
UKH12;2018;25272
UKH13;2008;36994
UKH13;2010;26637
UKH13;2012;24174
UKH14;2008;36196
UKH14;2010;31185
UKH14;2012;27039
UKH14;2018;25413
UKH15;2018;5523
UKH16;2018;8275
UKH17;2018;9016
UKH21;2008;2049
UKH21;2010;2227
UKH21;2012;1229
UKH21;2018;2202
UKH22;2008;15064
UKH22;2010;11543
UKH23;2008;20277
UKH23;2010;25347
UKH23;2012;21594
UKH23;2018;24404
UKH24;2012;5499
UKH24;2018;3495
UKH25;2012;10934
UKH25;2018;6496
UKH31;2008;1315
UKH31;2010;1085
UKH31;2012;1035
UKH31;2018;592
UKH32;2008;18547
UKH32;2010;14624
UKH32;2012;17014
UKH32;2018;20583
UKH33;2008;25180
UKH33;2010;31037
UKH33;2012;24452
UKH34;2018;10512
UKH35;2018;5316
UKH36;2018;5145
UKH37;2018;5211
UKI11;2008;12991
UKI11;2010;10835
UKI11;2012;11182
UKI12;2008;23178
UKI12;2010;16541
UKI12;2012;12237
UKI21;2008;31894
UKI21;2010;33894
UKI21;2012;29067
UKI22;2008;9648
UKI22;2010;9167
UKI22;2012;8876
UKI23;2008;28610
UKI23;2010;23428
UKI23;2012;23522
UKI31;2018;1720
UKI32;2018;1588
UKI33;2018;1682
UKI34;2018;2016
UKI41;2018;6012
UKI42;2018;1610
UKI43;2018;2494
UKI44;2018;2896
UKI45;2018;1398
UKI51;2018;12528
UKI52;2018;13376
UKI53;2018;2316
UKI54;2018;6197
UKI61;2018;1302
UKI62;2018;2231
UKI63;2018;6249
UKI71;2018;1625
UKI72;2018;4953
UKI73;2018;5472
UKI74;2018;6291
UKI75;2018;3599
UKJ11;2008;17374
UKJ11;2010;17615
UKJ11;2012;14508
UKJ11;2018;18248
UKJ12;2008;8423
UKJ12;2010;8387
UKJ12;2012;7607
UKJ12;2018;5168
UKJ13;2008;6812
UKJ13;2010;7037
UKJ13;2012;8626
UKJ13;2018;8510
UKJ14;2008;13249
UKJ14;2010;13529
UKJ14;2012;12958
UKJ14;2018;16335
UKJ21;2008;1268
UKJ21;2010;1499
UKJ21;2012;1442
UKJ21;2018;1687
UKJ22;2008;8438
UKJ22;2010;6705
UKJ22;2012;3916
UKJ22;2018;7349
UKJ23;2008;21297
UKJ23;2010;15409
UKJ23;2012;17860
UKJ24;2008;17004
UKJ24;2010;12137
UKJ24;2012;13760
UKJ25;2018;9721
UKJ26;2018;3503
UKJ27;2018;5038
UKJ28;2018;10482
UKJ31;2008;4402
UKJ31;2010;3862
UKJ31;2012;3853
UKJ31;2018;2953
UKJ32;2008;10530
UKJ32;2010;11499
UKJ32;2012;8344
UKJ32;2018;5726
UKJ33;2008;28108
UKJ33;2010;27721
UKJ33;2012;25090
UKJ34;2008;1808
UKJ34;2010;1099
UKJ34;2012;1379
UKJ34;2018;1402
UKJ35;2018;6447
UKJ36;2018;13323
UKJ37;2018;6589
UKJ41;2008;8059
UKJ41;2010;5158
UKJ41;2012;3955
UKJ41;2018;6494
UKJ42;2008;41199
UKJ42;2010;34398
UKJ42;2012;32067
UKJ43;2018;11696
UKJ44;2018;6312
UKJ45;2018;5839
UKJ46;2018;11057
UKK11;2008;15880
UKK11;2010;15627
UKK11;2012;17058
UKK11;2018;11695
UKK12;2008;13962
UKK12;2010;11604
UKK12;2012;12540
UKK12;2018;10940
UKK13;2008;18149
UKK13;2010;12614
UKK13;2012;12358
UKK13;2018;13812
UKK14;2008;8961
UKK14;2010;6829
UKK14;2012;4276
UKK14;2018;5442
UKK15;2008;10145
UKK15;2010;10520
UKK15;2012;10141
UKK15;2018;12977
UKK21;2008;4265
UKK21;2010;5213
UKK21;2012;3903
UKK21;2018;2587
UKK22;2008;9127
UKK22;2010;10396
UKK22;2012;7306
UKK22;2018;6144
UKK23;2008;20449
UKK23;2010;20176
UKK23;2012;19041
UKK23;2018;18978
UKK30;2008;12471
UKK30;2010;11207
UKK30;2012;8925
UKK30;2018;12697
UKK41;2008;3966
UKK41;2010;3916
UKK41;2012;2657
UKK41;2018;3554
UKK42;2008;912
UKK42;2010;1208
UKK42;2012;1058
UKK42;2018;787
UKK43;2008;22780
UKK43;2010;20360
UKK43;2012;18952
UKK43;2018;15637
UKL11;2008;2208
UKL11;2010;1244
UKL11;2012;1511
UKL11;2018;1851
UKL12;2008;3006
UKL12;2010;2631
UKL12;2012;1369
UKL12;2018;2389
UKL13;2008;4992
UKL13;2010;3555
UKL13;2012;2020
UKL13;2018;2942
UKL14;2008;15813
UKL14;2010;11871
UKL14;2012;14284
UKL14;2018;8378
UKL15;2008;5405
UKL15;2010;4372
UKL15;2012;2860
UKL15;2018;2463
UKL16;2008;5604
UKL16;2010;4724
UKL16;2012;4185
UKL16;2018;4452
UKL17;2008;7466
UKL17;2010;7691
UKL17;2012;5233
UKL17;2018;5857
UKL18;2008;5856
UKL18;2010;3365
UKL18;2012;2356
UKL18;2018;2684
UKL21;2008;12550
UKL21;2010;9109
UKL21;2012;10718
UKL21;2018;11711
UKL22;2008;9489
UKL22;2010;7956
UKL22;2012;8291
UKL22;2018;6828
UKL23;2008;12339
UKL23;2010;13671
UKL23;2012;14371
UKL23;2018;8341
UKL24;2008;3717
UKL24;2010;4435
UKL24;2012;3389
UKL24;2018;3292
UKM21;2008;5850
UKM21;2010;4547
UKM21;2012;6908
UKM22;2008;12575
UKM22;2010;6186
UKM22;2012;8420
UKM23;2008;5407
UKM23;2010;2365
UKM23;2012;3314
UKM24;2008;4168
UKM24;2010;2067
UKM24;2012;2161
UKM25;2008;8451
UKM25;2010;5195
UKM25;2012;5529
UKM26;2008;8728
UKM26;2010;6005
UKM26;2012;6296
UKM27;2008;8345
UKM27;2010;5291
UKM27;2012;7874
UKM28;2008;7611
UKM28;2010;6804
UKM28;2012;6498
UKM31;2008;2735
UKM31;2010;3134
UKM31;2012;2150
UKM32;2008;7359
UKM32;2010;7290
UKM32;2012;9736
UKM33;2008;6450
UKM33;2010;10787
UKM33;2012;6858
UKM34;2008;15381
UKM34;2010;9949
UKM34;2012;10657
UKM35;2008;8122
UKM35;2010;4968
UKM35;2012;4988
UKM36;2008;15462
UKM36;2010;12355
UKM36;2012;9354
UKM37;2008;2745
UKM37;2010;3062
UKM37;2012;2512
UKM38;2008;12673
UKM38;2010;9535
UKM38;2012;10837
UKM50;2008;13637
UKM50;2010;12715
UKM50;2012;13776
UKM50;2018;12121
UKM61;2008;2879
UKM61;2010;2441
UKM61;2012;4461
UKM61;2018;3321
UKM62;2008;6596
UKM62;2010;7309
UKM62;2012;9458
UKM62;2018;8945
UKM63;2008;6751
UKM63;2010;6272
UKM63;2012;2709
UKM63;2018;4156
UKM64;2008;618
UKM64;2010;1070
UKM64;2012;2239
UKM64;2018;113
UKM65;2008;699
UKM65;2010;100
UKM65;2012;502
UKM65;2018;858
UKM66;2008;338
UKM66;2010;1220
UKM66;2012;1533
UKM66;2018;169
UKM71;2018;4964
UKM72;2018;6756
UKM73;2018;2259
UKM75;2018;5141
UKM76;2018;7865
UKM77;2018;5338
UKM78;2018;7275
UKM81;2018;1109
UKM82;2018;11091
UKM83;2018;3547
UKM84;2018;15548
UKM91;2018;2399
UKM92;2018;6537
UKM93;2018;6645
UKM94;2018;2065
UKM95;2018;9064
UKN01;2008;12478
UKN01;2010;11539
UKN01;2012;10129
UKN02;2008;11768
UKN02;2010;8023
UKN02;2012;10442
UKN03;2008;19269
UKN03;2010;13752
UKN03;2012;12945
UKN04;2008;11703
UKN04;2010;6503
UKN04;2012;8661
UKN05;2008;17535
UKN05;2010;13644
UKN05;2012;13490
UKN06;2018;6154
UKN07;2018;5606
UKN08;2018;3141
UKN09;2018;1753
UKN10;2018;2448
UKN11;2018;4846
UKN12;2018;3417
UKN13;2018;3475
UKN14;2018;2116
UKN15;2018;3111
UKN16;2018;4593