okres,year,total_voters,total_populist,business_total,private,private_foreign,private_foreign_intl,pop_density,age_dep_ratio,pop_tot,foreign_prop,uni_prop,relig,prop_agro,prop_manuf,prop_prof,tot_land,agro_land,agro_prop_land,foreign_biz_prop,turnout,total_pop,slovak,hungarian,ukrainian,czech,german,polish,austrian
Bánovce nad Bebravou,2002,21185,0.5939579891432617,244,240,13,27,83.46,24.88,38566,0.021547477052325847,0.13853833641819507,0.9093675931911226,0.08660844250363901,0.17139737991266377,0.09788937409024745,461927047,193725780,0.4193860940989671,0.05327868852459016,0.5493180521703055,38566,37735,36,30,242,6,16,5
Bánovce nad Bebravou,2010,17860,0.6397536394176931,514,512,61,23,82,19.46,37836,0.024051168199598294,0.13853833641819507,0.9093675931911226,0.08660844250363901,0.17139737991266377,0.09788937409024745,461948973,191716516,0.41501665163351276,0.11867704280155641,0.47203721323607145,37836,36926,32,36,262,18,19,14
Bánovce nad Bebravou,2012,18860,0.7433191940615058,570,567,59,29,80.26,19.71,37067,0.07688779777160282,0.13853833641819507,0.9093675931911226,0.08660844250363901,0.17139737991266377,0.09788937409024745,461938974,191331721,0.41419263532416295,0.10350877192982456,0.5088083740254135,37067,34217,26,22,150,8,12,1
Bánovce nad Bebravou,2016,18575,0.35730820995962315,732,730,61,22,79.47,20.48,36679,0.06693203195288855,0.13853833641819507,0.9093675931911226,0.08660844250363901,0.17139737991266377,0.09788937409024745,461938974,191126069,0.41374744231908,0.08333333333333333,0.5064205676272526,36679,34224,32,28,176,17,9,18
Banská Bystrica,2002,65172,0.46658074019517587,2244,2216,107,197,138.15,21.2,111747,0.04663212435233166,0.26067332593414727,0.7458154294241384,0.02186505670229257,0.07640531940931712,0.17487966060210491,809425855,285713815,0.35298330691450425,0.04768270944741533,0.5832102875244973,111747,106536,498,60,1315,66,52,1
Banská Bystrica,2010,56360,0.3996983676366217,4660,4634,304,233,137.08,16.87,111029,0.05196840465103714,0.26067332593414727,0.7458154294241384,0.02186505670229257,0.07640531940931712,0.17487966060210491,809430802,282360874,0.34883880537078943,0.06523605150214593,0.5076151275792811,111029,105259,513,80,1389,103,131,34
Banská Bystrica,2012,55564,0.5968432798214671,5173,5148,386,219,137.34,17.43,111148,0.13652067513585486,0.26067332593414727,0.7458154294241384,0.02186505670229257,0.07640531940931712,0.17487966060210491,809430802,281952496,0.34833428046391546,0.07461820993620723,0.49991002987008315,111148,95974,357,51,823,89,54,6
Banská Bystrica,2016,58296,0.3752573075339646,6595,6577,475,205,137.04,18.85,110925,0.12906919089474866,0.26067332593414727,0.7458154294241384,0.02186505670229257,0.07640531940931712,0.17487966060210491,809430802,280870426,0.3469974521676283,0.07202426080363912,0.5255442866801893,110925,96608,409,83,916,116,164,31
Banská Štiavnica,2002,8761,0.5247117908914507,125,119,6,5,58.42,24.73,17073,0.049961928190710436,0.16706321136904378,0.842000602591142,0.06725888324873096,0.12119289340101523,0.14720812182741116,292278596,105202090,0.3599377150422606,0.048,0.5131494172084577,17073,16220,52,8,81,12,4,2
Banská Štiavnica,2010,7998,0.5125031257814454,257,252,20,11,57.05,19.68,16638,0.054934487318187286,0.16706321136904378,0.842000602591142,0.06725888324873096,0.12119289340101523,0.14720812182741116,292300476,105096757,0.35955041345878613,0.07782101167315175,0.48070681572304363,16638,15724,58,11,88,15,6,7
Banská Štiavnica,2012,7757,0.6722959907180611,274,269,20,12,56.6,19.67,16509,0.11405899812223641,0.16706321136904378,0.842000602591142,0.06725888324873096,0.12119289340101523,0.14720812182741116,292299436,104965971,0.3591042543099536,0.072992700729927,0.4698649221636683,16509,14626,40,2,53,6,3,0
Banská Štiavnica,2016,7791,0.3864715697599795,450,446,34,13,55.72,19.85,16260,0.10147601476014756,0.16706321136904378,0.842000602591142,0.06725888324873096,0.12119289340101523,0.14720812182741116,292296528,104882869,0.35882351979220223,0.07555555555555556,0.47915129151291513,16260,14610,49,5,69,8,7,4
Bardejov,2002,36938,0.4419567924630462,573,572,26,27,81.21,32.03,76166,0.08979072026888635,0.14917003140421714,0.9718465431099809,0.07726635216116282,0.14407752135662374,0.07446130307280377,936466535,454698864,0.48554737089457234,0.04537521815008726,0.48496704566341936,76166,69327,54,987,227,2,84,1
Bardejov,2010,31840,0.5199120603015075,1464,1460,107,59,82.45,25.72,77287,0.1114935241373064,0.14917003140421714,0.9718465431099809,0.07726635216116282,0.14407752135662374,0.07446130307280377,936170185,452139448,0.4829671519607303,0.07308743169398907,0.41197096536286826,77287,68670,54,954,265,6,109,2
Bardejov,2012,33622,0.6540063053952769,1684,1679,127,50,83.19,25.04,77841,0.1519764648450046,0.14917003140421714,0.9718465431099809,0.07726635216116282,0.14407752135662374,0.07446130307280377,936070288,447536962,0.47810187732398146,0.07541567695961995,0.4319317583278735,77841,66011,42,461,184,15,89,1
Bardejov,2016,33837,0.37955492508201083,2107,2098,120,46,83.09,24.71,77742,0.14386046152658793,0.14917003140421714,0.9718465431099809,0.07726635216116282,0.14407752135662374,0.07446130307280377,935988144,445557980,0.4760295126131427,0.05695301376364499,0.4352473566411978,77742,66558,49,497,236,19,146,1
Bratislava I,2002,30501,0.2889741319956723,4501,4464,862,430,4605.78,16.95,43977,0.1017349978397799,0.4806383528600965,0.7021860043978787,0.004684726148990729,0.03627786179235979,0.28828325333684,9590124,1791851,0.1868433609409013,0.19151299711175293,0.69356709188894194,43977,39503,1284,83,1078,243,30,14
Bratislava I,2010,25045,0.2423238171291675,12071,12048,3390,811,4253.75,16.94,41086,0.14683833909360855,0.4806383528600965,0.7021860043978787,0.004684726148990729,0.03627786179235979,0.28828325333684,9590124,1703404,0.177620643904083,0.28083837295998676,0.609575037725746,41086,35053,1265,76,1196,483,91,122
Bratislava I,2012,24479,0.3603088361452674,13864,13841,3977,831,4048.7,19.29,38867,0.10582242004785547,0.4806383528600965,0.7021860043978787,0.004684726148990729,0.03627786179235979,0.28828325333684,9590124,1678902,0.1750657238634245,0.2868580496249279,0.6298144955875165,38867,34754,1178,45,649,192,43,20
Bratislava I,2016,26227,0.2635070728638426,16571,16554,4435,864,4140.87,23.47,39953,0.12664881235451653,0.4806383528600965,0.7021860043978787,0.004684726148990729,0.03627786179235979,0.28828325333684,9590124,1642851,0.17130654410725032,0.2676362319715165,0.6564463244312067,39953,34893,1266,83,712,322,92,89
Bratislava II,2002,66134,0.3563522545135634,4840,4795,831,425,1167.23,19.77,107991,0.10754599920363739,0.3428532571739426,0.7087539912515457,0.004748133120386757,0.053438080027625505,0.24081667889670652,92490067,40874907,0.4419383434980104,0.17169421487603306,0.6124028854256374,107991,96377,6373,91,2029,332,74,11
Bratislava II,2010,61750,0.30926315789473685,13652,13620,2657,763,1225.62,18.21,113764,0.11802503428149502,0.3428532571739426,0.7087539912515457,0.004748133120386757,0.053438080027625505,0.24081667889670652,92490067,37756103,0.4082179224716098,0.1946234983885145,0.5427903378924792,113764,100337,6351,179,2255,495,205,132
Bratislava II,2012,61560,0.4351364522417154,16201,16166,3309,779,1185.5,20.04,110158,0.11074093574683641,0.3428532571739426,0.7087539912515457,0.004748133120386757,0.053438080027625505,0.24081667889670652,92490067,37542619,0.4059097394750509,0.20424665144126905,0.5588336752664355,110158,97959,5402,141,1404,265,103,21
Bratislava II,2016,66934,0.30005677234290495,18243,18211,3485,720,1228.74,23.12,114092,0.11525786207621924,0.3428532571739426,0.7087539912515457,0.004748133120386757,0.053438080027625505,0.24081667889670652,92490067,36024328,0.3894940199362165,0.1910321767253193,0.5866669003961715,114092,100942,5533,256,1543,387,242,127
Bratislava III,2002,39825,0.37928436911487756,2829,2811,498,276,824.53,18.67,61606,0.07346687011005426,0.3767439434636347,0.7023719817842282,0.005051092851656154,0.05993808337794744,0.22648448592909848,74675032,18739650,0.2509493400685787,0.176033934252386,0.6464467746648054,61606,57080,1512,66,1250,153,44,10
Bratislava III,2010,36097,0.32828212870875695,7441,7421,1579,475,851.04,17.9,63866,0.09621707951022451,0.3767439434636347,0.7023719817842282,0.005051092851656154,0.05993808337794744,0.22648448592909848,74674875,17776479,0.23805167400681956,0.21220266093267035,0.5651990104280838,63866,57721,1637,123,1412,278,115,84
Bratislava III,2012,35752,0.4636104273886776,8717,8700,1899,470,827.08,20.4,62054,0.0939020852805621,0.3767439434636347,0.7023719817842282,0.005051092851656154,0.05993808337794744,0.22648448592909848,74674875,17629426,0.23608243067028903,0.21785017781346794,0.5761433590098947,62054,56227,1558,96,884,155,80,14
Bratislava III,2016,39018,0.2981700753498385,11305,11290,2366,491,864.35,24.18,65093,0.10259167652435741,0.3767439434636347,0.7023719817842282,0.005051092851656154,0.05993808337794744,0.22648448592909848,74674875,17360418,0.23248004097763805,0.20928792569659443,0.599419292397032,65093,58415,1695,172,973,236,145,69
Bratislava IV,2002,55082,0.35641407356305144,1917,1901,176,176,962.66,22.77,93116,0.07140555865801801,0.37834984879319855,0.6851244159513202,0.005029776275551264,0.054603251247384514,0.25148881377756316,96625626,36949841,0.3824020865851881,0.09181011997913406,0.5915417328923064,93116,86467,2266,108,1809,218,86,10
Bratislava IV,2010,53615,0.29771519164412946,4701,4690,471,230,1001.97,18.29,97092,0.08240637745643309,0.37834984879319855,0.6851244159513202,0.005029776275551264,0.054603251247384514,0.25148881377756316,96702252,35621730,0.36836505110553164,0.1001914486279515,0.5522082148889713,97092,89091,2317,137,1953,382,207,60
Bratislava IV,2012,53410,0.4476502527616551,5254,5245,495,224,962.28,20.22,93386,0.07899471012785642,0.37834984879319855,0.6851244159513202,0.005029776275551264,0.054603251247384514,0.25148881377756316,96664977,35052211,0.3626154175777645,0.09421393224210126,0.5719272696121475,93386,86009,2187,110,1353,209,118,24
Bratislava IV,2016,58342,0.32095231565595966,6754,6749,532,203,990.06,22.89,96032,0.08495084971676103,0.37834984879319855,0.6851244159513202,0.005029776275551264,0.054603251247384514,0.25148881377756316,96665027,34308844,0.3549250961260271,0.07876813740005922,0.6075266577807398,96032,87874,2335,184,1498,348,197,72
Bratislava V,2002,72225,0.35468328141225336,1932,1926,238,195,1281.52,14.08,120359,0.08112397078739442,0.3281628180807222,0.6708507670850767,0.00574813772068743,0.05123467652061704,0.251334389113731,94203525,48883520,0.5189139153763089,0.12318840579710146,0.6000797613805365,120359,110595,4757,126,1853,242,113,19
Bratislava V,2010,64110,0.29720792388082984,5945,5941,858,344,1246.92,13.57,116993,0.0877402921542314,0.3281628180807222,0.6708507670850767,0.00574813772068743,0.05123467652061704,0.251334389113731,94203525,47326155,0.5023819968520287,0.14432296047098403,0.5479815031668561,116993,106728,4509,161,1874,324,196,115
Bratislava V,2012,63090,0.45257568552860994,7472,7468,1258,393,1179.69,15.55,111124,0.08441920737194486,0.3281628180807222,0.6708507670850767,0.00574813772068743,0.05123467652061704,0.251334389113731,94207079,46607759,0.49473733284947724,0.16836188436830835,0.5677441416795652,111124,101743,3966,132,1251,191,127,25
Bratislava V,2016,66984,0.33098949002746925,9401,9395,1598,367,1176.35,20.34,110753,0.0898666401813043,0.3281628180807222,0.6708507670850767,0.00574813772068743,0.05123467652061704,0.251334389113731,94207079,46086332,0.4892024303184265,0.16998191681735986,0.6048052874414237,110753,100800,4008,225,1377,278,194,122
Brezno,2002,34575,0.5066955892986261,375,360,14,40,51.93,25.69,65618,0.052927550367277254,0.14042228440600357,0.8787774939248552,0.1018058690744921,0.14288939051918736,0.09887133182844243,1265377759,347286651,0.27445294381849494,0.037333333333333336,0.5269133469474839,65618,62145,93,41,389,15,18,2
Brezno,2010,28426,0.5272989516639696,812,799,36,55,50.49,20.49,63702,0.05690559166117237,0.14042228440600357,0.8787774939248552,0.1018058690744921,0.14288939051918736,0.09887133182844243,1265211046,343322090,0.2713555901091935,0.04433497536945813,0.44623402718909927,63702,60077,90,51,428,36,40,3
Brezno,2012,28916,0.6842924332549454,905,893,47,50,50.49,20.24,63696,0.1298040693293142,0.14042228440600357,0.8787774939248552,0.1018058690744921,0.14288939051918736,0.09887133182844243,1265211046,342599589,0.27078453834491734,0.051933701657458566,0.4539688520472243,63696,55428,79,43,234,18,31,1
Brezno,2016,29539,0.39276888181725855,1192,1183,39,32,49.36,20.46,62298,0.12107932838935442,0.14042228440600357,0.8787774939248552,0.1018058690744921,0.14288939051918736,0.09887133182844243,1265211046,327933036,0.25919235928011336,0.03271812080536913,0.47415647372307296,62298,54755,94,60,247,41,48,4
Bytča,2002,16281,0.56255758245808,151,147,8,15,109.27,31.03,30790,0.012276713218577484,0.13949234669319385,0.9655330131660622,0.0995405819295559,0.1439509954058193,0.06891271056661562,281635622,85469422,0.3034751832635717,0.052980132450331126,0.528775576485872,30790,30412,5,2,159,1,9,0
Bytča,2010,14604,0.6876198301835114,304,302,18,19,110.37,24.21,31111,0.014207193597119971,0.13949234669319385,0.9655330131660622,0.0995405819295559,0.1439509954058193,0.06891271056661562,281637854,84513615,0.3000790334100472,0.05921052631578947,0.469415962199865,31111,30669,4,5,198,6,13,1
Bytča,2012,15996,0.809264816204051,350,348,23,17,108.71,23.35,30611,0.03332135506843947,0.13949234669319385,0.9655330131660622,0.0995405819295559,0.1439509954058193,0.06891271056661562,281657062,83730468,0.2972780707341185,0.06571428571428571,0.5225572506615269,30611,29591,7,4,115,8,10,1
Bytča,2016,15454,0.42235020059531514,553,551,37,13,109.09,22.85,30732,0.03022907718339185,0.13949234669319385,0.9655330131660622,0.0995405819295559,0.1439509954058193,0.06891271056661562,281518791,82545542,0.2932150344450719,0.06690777576853527,0.5028634647923989,30732,29803,10,3,145,16,14,2
Čadca,2002,43916,0.633140541032881,536,520,51,39,122.06,29.73,92876,0.024527326758258305,0.13244438381702645,0.9742121906008069,0.03626345463864685,0.12224500256278831,0.08482829318298309,760624042,253456398,0.3332216495991327,0.09514925373134328,0.47284551444937334,92876,90598,32,34,773,9,59,2
Čadca,2010,40867,0.7318129542173392,1330,1324,152,47,121.48,22.56,92259,0.028528382054867296,0.13244438381702645,0.9742121906008069,0.03626345463864685,0.12224500256278831,0.08482829318298309,760624042,254396924,0.33445816849423227,0.11428571428571428,0.4429594944666645,92259,89627,29,45,951,23,139,3
Čadca,2012,43930,0.8143409970407467,1585,1575,203,72,120.4,21.88,91521,0.05704701653172495,0.13244438381702645,0.9742121906008069,0.03626345463864685,0.12224500256278831,0.08482829318298309,760624042,253209666,0.3328972685825253,0.1280757097791798,0.479999125883677,91521,86300,33,32,581,22,68,3
Čadca,2016,42575,0.3456723429242513,2196,2189,242,123,119.44,20.81,90739,0.052909994599896426,0.13244438381702645,0.9742121906008069,0.03626345463864685,0.12224500256278831,0.08482829318298309,760624042,250597464,0.3294629806087565,0.11020036429872496,0.4692028785858341,90739,85938,35,37,722,33,149,9
Detva,2002,18064,0.60457263064659,161,154,4,5,74.24,24.17,33274,0.02623670132836453,0.13631943994295714,0.9057028210116731,0.08688591149005279,0.1656516443361754,0.08038976857490865,449218648,223672348,0.49791420947422466,0.024844720496894408,0.5428863376810723,33274,32401,48,22,178,4,8,1
Detva,2010,15566,0.606835410510086,385,382,19,25,72.5,18.76,32514,0.030263886325890388,0.13631943994295714,0.9057028210116731,0.08688591149005279,0.1656516443361754,0.08038976857490865,449194367,220957173,0.491896580261435,0.04935064935064935,0.478747616411392,32514,31530,46,32,190,8,16,4
Detva,2012,16674,0.7491303826316421,465,462,25,21,73.26,18.88,32871,0.09713729427154638,0.13631943994295714,0.9057028210116731,0.08688591149005279,0.1656516443361754,0.08038976857490865,449190859,220380783,0.49061724784564237,0.053763440860215055,0.5072556356666971,32871,29678,24,24,128,6,12,0
Detva,2016,15949,0.38641921123581413,689,686,17,11,72.27,19.01,32418,0.0890246159540996,0.13631943994295714,0.9057028210116731,0.08688591149005279,0.1656516443361754,0.08038976857490865,449185196,218395062,0.4862027153717684,0.02467343976777939,0.4919797643284595,32418,29532,28,24,147,9,17,7
Dolný Kubín,2002,20602,0.4398602077468207,399,393,16,24,80.36,29.65,39388,0.01797501777191024,0.19290135346842335,0.9133603238866397,0.07063711911357341,0.12211449676823638,0.1061865189289012,490304988,223257466,0.45534406433572727,0.040100250626566414,0.523052706408043,39388,38680,34,10,262,7,35,0
Dolný Kubín,2010,18290,0.42651722252597046,792,787,44,31,80.42,22.83,39553,0.020327155967941768,0.19290135346842335,0.9133603238866397,0.07063711911357341,0.12211449676823638,0.1061865189289012,491867404,227070089,0.46164898741694216,0.05555555555555555,0.46241751573837636,39553,38749,32,19,295,11,50,2
Dolný Kubín,2012,19210,0.6239458615304528,867,862,52,25,80.3,22.69,39499,0.05711537000936728,0.19290135346842335,0.9133603238866397,0.07063711911357341,0.12211449676823638,0.1061865189289012,491839673,223346167,0.45410360176455306,0.05997693194925029,0.4863414263652244,39499,37243,25,16,182,6,49,4
Dolný Kubín,2016,20567,0.3958282685855983,1194,1189,52,29,80.3,22.51,39480,0.049417426545086074,0.19290135346842335,0.9133603238866397,0.07063711911357341,0.12211449676823638,0.1061865189289012,491838833,212214114,0.4314708391478312,0.04355108877721943,0.5209473150962513,39480,37529,24,19,197,17,70,10
Dunajská Streda,2002,65110,0.05645830133620028,1223,1205,89,132,104.96,23.33,112977,0.8567496039016791,0.1403008671489484,0.9087748514919479,0.0437578240582679,0.10481392966882895,0.14430408558097188,1075003564,816401570,0.759440803119049,0.07277187244480784,0.57631199270648,112977,16184,93780,33,621,46,21,4
Dunajská Streda,2010,64681,0.04798936318238741,3305,3290,618,202,110.12,18.86,118607,0.8226327282538131,0.1403008671489484,0.9087748514919479,0.0437578240582679,0.10481392966882895,0.14430408558097188,1074589421,806791385,0.7507903662863251,0.1869894099848714,0.5453388079961554,118607,21037,93789,80,745,82,44,64
Dunajská Streda,2012,58503,0.08720920294685743,3855,3836,772,197,109,19.1,117402,0.7993730941551251,0.1403008671489484,0.9087748514919479,0.0437578240582679,0.10481392966882895,0.14430408558097188,1074589421,805162772,0.7492747986023585,0.20025940337224385,0.4983134869934073,117402,23554,87383,58,555,61,45,16
Dunajská Streda,2016,55484,0.10228173887967702,4584,4569,710,163,111.39,19.84,120085,0.7746346338010576,0.1403008671489484,0.9087748514919479,0.0437578240582679,0.10481392966882895,0.14430408558097188,1074589421,800428808,0.7448694286001165,0.15488656195462477,0.4620393887662905,120085,27063,86778,80,653,93,67,61
Galanta,2002,51384,0.30565934921376303,781,771,66,52,147.2,23.65,94471,0.4051084459781309,0.13324634051374873,0.8603329273244011,0.03350235421948569,0.13093082216588192,0.11218761318362912,641763551,526326808,0.820125741295021,0.08450704225352113,0.5439129468302442,94471,56200,36449,23,509,32,19,1
Galanta,2010,46735,0.281138333155023,2018,2007,212,85,150.14,18.58,96452,0.4056110811595405,0.13324634051374873,0.8603329273244011,0.03350235421948569,0.13093082216588192,0.11218761318362912,641743139,514159205,0.8011915885866604,0.10505450941526263,0.4845415336125741,96452,57330,36238,45,596,62,35,18
Galanta,2012,45396,0.4002995858665962,2267,2256,229,87,145.94,18.45,93628,0.40342632545819623,0.13324634051374873,0.8603329273244011,0.03350235421948569,0.13093082216588192,0.11218761318362912,641743139,513624619,0.8003585668252855,0.10101455668284076,0.48485495791857136,93628,55856,32630,32,374,39,38,10
Galanta,2016,45859,0.2657275562048889,2906,2897,211,65,146.2,19.1,93866,0.39821660665203584,0.13324634051374873,0.8603329273244011,0.03350235421948569,0.13093082216588192,0.11218761318362912,641715625,512485262,0.7986173969193909,0.07260839642119753,0.4885581573732768,93866,56487,32042,43,452,67,49,17
Gelnica,2002,14691,0.45878428970117757,94,80,3,5,52.69,33.26,30863,0.1037164241972589,0.09741695086522673,0.9190649782553083,0.1316793893129771,0.14694656488549618,0.04866412213740458,584421514,116853171,0.1999467305715922,0.031914893617021274,0.4760068690665198,30863,27662,32,74,114,341,4,0
Gelnica,2010,12171,0.5407936899186591,199,184,14,8,53.69,29.66,31440,0.14147582697201022,0.09741695086522673,0.9190649782553083,0.1316793893129771,0.14694656488549618,0.04866412213740458,584432561,114128597,0.1952810377380736,0.07035175879396985,0.387118320610687,31440,26992,28,92,136,352,9,1
Gelnica,2012,12391,0.6551529335808248,206,196,17,8,53.64,29.42,31368,0.1796735526651364,0.09741695086522673,0.9190649782553083,0.1316793893129771,0.14694656488549618,0.04866412213740458,584432561,114316725,0.19560293629841066,0.0825242718446602,0.395020402958429,31368,25732,46,56,88,238,7,1
Gelnica,2016,12048,0.3364043824701195,288,279,14,4,54.21,30.49,31722,0.18554946094193303,0.09741695086522673,0.9190649782553083,0.1316793893129771,0.14694656488549618,0.04866412213740458,584310115,108117380,0.1850342433315569,0.04861111111111111,0.3797995082277284,31722,25836,51,65,110,228,13,3
Hlohovec,2002,24893,0.5772305467400474,273,270,21,26,169.58,24.45,45247,0.01745972108648086,0.15145422559345656,0.8899062520486878,0.03196859226023556,0.13684800897363994,0.12282669657879977,267165029,193296105,0.7235082590094529,0.07692307692307693,0.550158021526289,45247,44457,78,12,262,7,13,3
Hlohovec,2010,21370,0.5534861956013103,654,650,47,31,169.23,19.64,45213,0.020038484506668452,0.15145422559345656,0.8899062520486878,0.03196859226023556,0.13684800897363994,0.12282669657879977,267161337,192334292,0.7199181369570703,0.07186544342507645,0.4726516709795855,45213,44307,85,14,272,11,24,26
Hlohovec,2012,22487,0.7046293413972518,720,717,46,24,171.3,19.58,45762,0.05316638258817363,0.15145422559345656,0.8899062520486878,0.03196859226023556,0.13684800897363994,0.12282669657879977,267161337,192165572,0.7192866084511322,0.06388888888888888,0.491390236440715,45762,43329,62,12,158,9,18,1
Hlohovec,2016,22078,0.39460096023190505,1029,1025,44,23,170.22,20.43,45420,0.049075297225891656,0.15145422559345656,0.8899062520486878,0.03196859226023556,0.13684800897363994,0.12282669657879977,267226972,191660252,0.7172189639599703,0.042759961127308066,0.48608542492294143,45420,43191,79,17,184,29,24,33
Humenné,2002,32958,0.4768796650282177,403,401,38,21,85.79,27.57,64714,0.08707543962666497,0.17156294616612078,0.9530304440927287,0.09060955518945635,0.13982701812191103,0.08401976935749589,754419586,282412777,0.3743444394085495,0.09429280397022333,0.5092870167197207,64714,59079,85,919,335,5,33,0
Humenné,2010,26404,0.5412816239963641,945,944,62,39,84.84,20.14,63824,0.08984081223364249,0.17156294616612078,0.9530304440927287,0.09060955518945635,0.13982701812191103,0.08401976935749589,754238069,281040730,0.37261541355584904,0.0656084656084656,0.4137001754825771,63824,58090,77,927,329,11,52,6
Humenné,2012,27804,0.6641130772550712,1061,1058,67,37,85.15,19.55,64109,0.16130340513812413,0.17156294616612078,0.9530304440927287,0.09060955518945635,0.13982701812191103,0.08401976935749589,754238069,280249952,0.37156696740535383,0.06314797360980208,0.43369885663479385,64109,53768,79,521,233,9,40,1
Humenné,2016,27592,0.362097709481009,1325,1323,66,34,83.56,18.97,62845,0.15480945182592087,0.17156294616612078,0.9530304440927287,0.09060955518945635,0.13982701812191103,0.08401976935749589,754238069,277795854,0.36831322286385415,0.04981132075471698,0.43904845254196834,62845,53116,88,544,258,18,73,7
Ilava,2002,33392,0.6090380929563968,603,597,33,56,172.28,23.85,61664,0.029903995848469145,0.17707916746361566,0.8634157614975734,0.03797670336684219,0.19339396840593587,0.10483484921014839,358493443,130901545,0.3651434846466634,0.05472636815920398,0.541515308770109,61664,59820,84,22,763,44,22,3
Ilava,2010,29794,0.5890783379203867,1237,1232,97,42,169.27,17.44,60593,0.03447592956282075,0.17707916746361566,0.8634157614975734,0.03797670336684219,0.19339396840593587,0.10483484921014839,358500839,129265856,0.36057337093149733,0.07841552142279709,0.49170696285049426,60593,58504,82,27,811,57,32,9
Ilava,2012,30731,0.7198919657674661,1352,1347,111,34,168.87,17.72,60493,0.09672193476931212,0.17707916746361566,0.8634157614975734,0.03797670336684219,0.19339396840593587,0.10483484921014839,358500839,128924852,0.35962217650486444,0.08210059171597633,0.508009191146083,60493,54642,58,18,482,25,25,2
Ilava,2016,30586,0.3934806774341202,1720,1714,116,31,166.92,18.9,59727,0.08729720227033,0.17707916746361566,0.8634157614975734,0.03797670336684219,0.19339396840593587,0.10483484921014839,358500851,128134124,0.357416512799296,0.06744186046511629,0.5120967066820701,59727,54513,74,21,510,28,40,6
Kežmarok,2002,26771,0.41552426132755593,269,261,10,17,76.03,40.71,64007,0.113112628306279,0.10689460071128354,0.9551832252755827,0.07363291824580401,0.12425554953979426,0.08012994044396318,839457458,334479761,0.39844754229344165,0.03717472118959108,0.41825112878278936,64007,56767,50,64,263,130,112,1
Kežmarok,2010,24166,0.42299097906149136,636,632,39,24,81.7,34.64,68928,0.14268512070566386,0.10689460071128354,0.9551832252755827,0.07363291824580401,0.12425554953979426,0.08012994044396318,839330473,330922794,0.3942699623632038,0.06132075471698113,0.3505977251624884,68928,59093,50,89,324,148,165,8
Kežmarok,2012,25551,0.5720324057766819,736,729,52,27,112.88,35.59,71389,0.20622224712490722,0.10689460071128354,0.9551832252755827,0.07363291824580401,0.12425554953979426,0.08012994044396318,629997422,323324971,0.5132163397963873,0.07065217391304347,0.35791228340500636,71389,56667,50,66,184,107,142,4
Kežmarok,2016,26813,0.3745571178159848,993,983,51,23,116.57,35.35,73756,0.18856770974564785,0.10689460071128354,0.9551832252755827,0.07363291824580401,0.12425554953979426,0.08012994044396318,629923972,317897225,0.5046596718500499,0.0513595166163142,0.3635365258419654,73756,59848,58,75,237,118,179,9
Komárno,2002,58722,0.1310071182861619,910,892,83,104,98.14,21.9,107783,0.7240195578152399,0.12480541252544605,0.8510120678878792,0.029478332873309414,0.09737786364890974,0.14921335909467293,1100270416,866091925,0.7871627850802816,0.0912087912087912,0.5448169006244027,107783,29746,74508,35,703,31,28,2
Komárno,2010,51441,0.1093291343480881,3204,3184,1335,172,96.8,18.2,106414,0.729997932602853,0.12480541252544605,0.8510120678878792,0.029478332873309414,0.09737786364890974,0.14921335909467293,1100142792,864610469,0.7859074979059627,0.4166666666666667,0.4834044392655102,106414,28732,73821,39,747,56,35,21
Komárno,2012,44748,0.16463305622597657,4303,4288,2106,200,94.52,18.13,103973,0.7193213622767449,0.12480541252544605,0.8510120678878792,0.029478332873309414,0.09737786364890974,0.14921335909467293,1100138805,865728867,0.7869269432778531,0.48942598187311176,0.43038096428880573,103973,29183,66551,32,535,43,35,2
Komárno,2016,41357,0.12462219213192446,5208,5198,2242,178,93.43,18.36,102599,0.7161375841869804,0.12480541252544605,0.8510120678878792,0.029478332873309414,0.09737786364890974,0.14921335909467293,1100133357,861590332,0.7831689917570602,0.4304915514592934,0.40309359740348344,102599,29124,66138,52,568,71,49,17
Košice - okolie,2002,52444,0.36292044847837696,504,497,29,37,70.37,32.18,108431,0.20477538711254162,0.12635700302544936,0.945356337071301,0.09383611312545323,0.12545322697606962,0.0990572878897752,1533413656,765425166,0.4991641772622899,0.057539682539682536,0.48366242126329184,108431,86227,14114,91,349,662,27,1
Košice - okolie,2010,49935,0.36303194152398116,1090,1084,93,52,75.17,28.22,116322,0.19347157029624662,0.12635700302544936,0.945356337071301,0.09383611312545323,0.12545322697606962,0.0990572878897752,1541329223,761259192,0.49389785169861794,0.0853211009174312,0.42928250889771497,116322,93817,14037,129,440,655,45,3
Košice - okolie,2012,48144,0.5091600199401795,1328,1323,125,55,78.57,29.07,121187,0.25583602201556277,0.12635700302544936,0.945356337071301,0.09383611312545323,0.12545322697606962,0.0990572878897752,1534607277,755898195,0.49256784216330807,0.09412650602409639,0.3972703342767789,121187,90183,11844,98,354,476,53,4
Košice - okolie,2016,50957,0.3305924603096729,1841,1838,114,47,81.29,28.9,126001,0.2349743256005905,0.12635700302544936,0.945356337071301,0.09383611312545323,0.12545322697606962,0.0990572878897752,1541304209,753911990,0.48913899384543885,0.061922868006518195,0.4044174252585297,126001,96394,11590,132,456,508,83,10
Košice I,2002,36417,0.34860092813795757,1958,1949,122,167,793.46,28.85,68295,0.11934987920052709,0.32190473209814724,0.8211547168709012,0.008736630308164779,0.07036958593667267,0.16705496134702955,86078860,15218467,0.17679680005055828,0.06230847803881512,0.5332308368108939,68295,60144,2949,422,851,167,33,3
Košice I,2010,30975,0.2853591606133979,3793,3785,365,200,787.91,20.06,67185,0.12790057304457836,0.32190473209814724,0.8211547168709012,0.008736630308164779,0.07036958593667267,0.16705496134702955,85428190,15179179,0.17768349066040146,0.09622989717901398,0.46104041080598346,67185,58592,2945,494,824,196,59,4
Košice I,2012,31147,0.45169679262850354,4261,4251,459,196,799.73,19.22,68220,0.2821899736147757,0.32190473209814724,0.8211547168709012,0.008736630308164779,0.07036958593667267,0.16705496134702955,85464691,15205342,0.17791373047847328,0.10772119220840179,0.45656698915274113,68220,48969,2042,309,492,115,36,2
Košice I,2016,32082,0.34630010597843025,5075,5067,468,184,793.87,18.72,67950,0.2639293598233996,0.32190473209814724,0.8211547168709012,0.008736630308164779,0.07036958593667267,0.16705496134702955,85458857,15078732,0.1764443444405066,0.09221674876847291,0.4721412803532009,67950,50016,2191,407,557,221,96,13
Košice II,2002,40590,0.3941611234294161,930,929,73,60,999.51,24.68,79711,0.11698510870519752,0.2517650631373839,0.8333252697276115,0.009279424296941577,0.08076886658460374,0.1452513966480447,79916873,38657432,0.4837205279540905,0.07849462365591398,0.5092145375167794,79711,70386,2519,302,1046,113,47,1
Košice II,2010,35080,0.33112884834663625,1990,1986,198,105,1094.72,21.25,80835,0.12285519886187912,0.2517650631373839,0.8333252697276115,0.009279424296941577,0.08076886658460374,0.1452513966480447,73870891,36662595,0.4963063867741896,0.09949748743718594,0.4339704335993072,80835,70904,2522,344,1010,144,73,8
Košice II,2012,35036,0.5071926018951936,2325,2321,228,104,1028.1,21.02,82761,0.28262104131172894,0.2517650631373839,0.8333252697276115,0.009279424296941577,0.08076886658460374,0.1452513966480447,80533213,38689834,0.4804208420195529,0.09806451612903226,0.4233394956561666,82761,59371,1929,210,572,98,54,3
Košice II,2016,36257,0.3602063049893814,2797,2795,166,92,1114.8,21.43,82225,0.2661842505320766,0.2517650631373839,0.8333252697276115,0.009279424296941577,0.08076886658460374,0.1452513966480447,73843776,36444761,0.4935386971543817,0.059349302824454775,0.4409486166007905,82225,60338,2031,262,624,215,191,14
Košice III,2002,16313,0.41610985103904863,196,196,15,14,1821.53,17.85,30543,0.08679566512785253,0.23420713364847442,0.840189030883919,0.014604150653343582,0.08916218293620293,0.13758647194465795,16790232,3905236,0.23258975814032826,0.07653061224489796,0.5340994663261631,30543,27892,940,149,253,35,16,1
Košice III,2010,12587,0.361325176769683,483,483,22,21,1761.35,17.76,29602,0.08965610431727589,0.23420713364847442,0.840189030883919,0.014604150653343582,0.08916218293620293,0.13758647194465795,16855788,3838147,0.22770498774664227,0.045548654244306416,0.425207756232687,29602,26948,907,177,247,33,19,1
Košice III,2012,12782,0.5424816147707714,547,547,33,16,1773.81,18.21,29778,0.1826180401638794,0.23420713364847442,0.840189030883919,0.014604150653343582,0.08916218293620293,0.13758647194465795,16851312,3824678,0.2269661851848687,0.0603290676416819,0.4292430653502586,29778,24340,677,112,143,40,16,0
Košice III,2016,13102,0.37498091894367275,723,723,19,20,1729.03,19.51,28979,0.17536837019910967,0.23420713364847442,0.840189030883919,0.014604150653343582,0.08916218293620293,0.13758647194465795,16831671,3789556,0.225144372177902,0.02627939142461964,0.4521205010524863,28979,23897,703,139,157,43,29,0
Košice IV,2002,32360,0.37095179233621756,1249,1245,112,102,948.9,19.96,56960,0.10014044943820222,0.24950526538978018,0.846696600384862,0.009029640777334293,0.08296800366420205,0.1287705293463325,59982104,34530573,0.5756812565294476,0.08967173738991192,0.5681179775280899,56960,51256,2466,205,609,80,28,1
Košice IV,2010,25855,0.35335525043511895,2691,2683,278,146,921.3,20.54,56264,0.104631736101237,0.24950526538978018,0.846696600384862,0.009029640777334293,0.08296800366420205,0.1287705293463325,60892536,34783339,0.5712250020265209,0.10330732069862504,0.4595300725152851,56264,50377,2435,233,621,94,50,2
Košice IV,2012,26253,0.5147221269950101,3108,3100,321,138,975.27,21.1,59405,0.25156131638750945,0.24950526538978018,0.846696600384862,0.009029640777334293,0.08296800366420205,0.1287705293463325,60896188,33968371,0.557807838480793,0.10328185328185328,0.44193249726454004,59405,44461,1675,143,375,60,45,2
Košice IV,2016,27344,0.35130193095377416,3948,3940,299,113,983.63,22.21,59987,0.2341674029373031,0.24950526538978018,0.846696600384862,0.009029640777334293,0.08296800366420205,0.1287705293463325,60900272,33688442,0.5531739168586964,0.07573454913880445,0.4558320969543401,59987,45940,1784,216,403,195,69,10
Krupina,2002,12449,0.5295204434091092,173,162,3,4,38.92,28.23,22711,0.03540134736471312,0.12126743424131799,0.9368430235093994,0.17513020833333334,0.14973958333333334,0.07291666666666667,584899600,336885039,0.5759707118965375,0.017341040462427744,0.5481484743076043,22711,21907,103,49,74,4,3,0
Krupina,2010,10529,0.5610219394054516,276,266,17,8,38.66,23.08,22607,0.040297253063210525,0.12126743424131799,0.9368430235093994,0.17513020833333334,0.14973958333333334,0.07291666666666667,584899600,335727533,0.5739917295207588,0.06159420289855073,0.465740699783253,22607,21696,105,64,89,11,11,1
Krupina,2012,10603,0.708007167782703,311,304,22,8,39.06,22.11,22779,0.0937705781640985,0.12126743424131799,0.9368430235093994,0.17513020833333334,0.14973958333333334,0.07291666666666667,584899600,335620051,0.5738079680683659,0.0707395498392283,0.46547258439791034,22779,20643,90,43,56,9,10,2
Krupina,2016,10865,0.4230096640589047,412,405,24,11,38.43,21.66,22421,0.08741804558226662,0.12126743424131799,0.9368430235093994,0.17513020833333334,0.14973958333333334,0.07291666666666667,584899600,334452779,0.5718122888099085,0.05825242718446602,0.4845903394139423,22421,20461,96,47,74,13,13,2
Kysucké Nové Mesto,2002,18126,0.588546838795101,235,234,21,10,194.83,27.95,33862,0.03298682889374516,0.1518343847614381,0.9452083583523477,0.0434936350777935,0.11916548797736917,0.08062234794908062,173681016,61319445,0.3530578436966306,0.08936170212765958,0.5352902959069163,33862,32745,11,20,249,2,10,0
Kysucké Nové Mesto,2010,16336,0.7100881488736532,505,504,34,12,196.04,21.79,34014,0.03586758393602629,0.1518343847614381,0.9452083583523477,0.0434936350777935,0.11916548797736917,0.08062234794908062,173681382,61076676,0.35165931602271566,0.06732673267326733,0.4802728288351855,34014,32794,12,28,291,9,22,0
Kysucké Nové Mesto,2012,17472,0.8132440476190477,571,568,39,18,191.66,21.61,33260,0.05607336139506913,0.1518343847614381,0.9452083583523477,0.0434936350777935,0.11916548797736917,0.08062234794908062,173683180,59517110,0.3426763029097003,0.06830122591943957,0.5253156945279616,33260,31395,16,21,183,9,12,4
Kysucké Nové Mesto,2016,17284,0.4228187919463087,786,784,39,20,190.43,21.24,33062,0.05117657733954384,0.1518343847614381,0.9452083583523477,0.0434936350777935,0.11916548797736917,0.08062234794908062,173683180,58832730,0.338735909833065,0.04961832061068702,0.5227753916883431,33062,31370,19,20,215,13,27,2
Levice,2002,66100,0.3627231467473525,813,794,63,53,77.17,23.78,119501,0.3069932469184359,0.1448242508303829,0.8595092184073435,0.07634141288585042,0.13911332090325254,0.12046819970996478,1551140685,1125316942,0.7254770330519698,0.07749077490774908,0.553133446582037,119501,82815,33142,49,902,25,72,0
Levice,2010,55795,0.3248857424500403,1764,1745,286,97,75.74,19.07,117256,0.30068397352800713,0.1448242508303829,0.8595092184073435,0.07634141288585042,0.13911332090325254,0.12046819970996478,1551140685,1122060753,0.7233778108270044,0.1621315192743764,0.47583918946578424,117256,81999,31214,73,997,51,111,12
Levice,2012,51974,0.4678108284911687,2033,2016,349,100,74.02,18.9,114552,0.31047908373489774,0.1448242508303829,0.8595092184073435,0.07634141288585042,0.13911332090325254,0.12046819970996478,1551139667,1120564761,0.722413838572797,0.17166748647319233,0.45371534325022694,114552,78986,27715,41,597,34,70,7
Levice,2016,52408,0.29676766905815904,2759,2749,351,82,72.59,19.1,112320,0.30129095441595444,0.1448242508303829,0.8595092184073435,0.07634141288585042,0.13911332090325254,0.12046819970996478,1551107136,1113709277,0.718009253617411,0.12722000724900326,0.4665954415954416,112320,78479,26690,64,694,67,95,14
Levoča,2002,14972,0.4062249532460593,152,146,5,12,89.62,33.93,32008,0.08772806798300425,0.15304736317807227,0.9473272803800132,0.17388651616839537,0.11165344722391703,0.10006101281269067,357224471,207125643,0.5798193007891668,0.03289473684210526,0.4677580604848788,32008,29200,18,15,82,9,11,0
Levoča,2010,13063,0.47324504325193295,279,277,10,8,92.38,27.41,33063,0.08831624474488098,0.15304736317807227,0.9473272803800132,0.17388651616839537,0.11165344722391703,0.10006101281269067,357331377,204734780,0.5729549465229302,0.035842293906810034,0.39509421407615763,33063,30143,10,18,127,12,22,3
Levoča,2012,13726,0.5912866093545097,329,326,11,6,79.19,27.07,33372,0.1476687043030085,0.15304736317807227,0.9473272803800132,0.17388651616839537,0.11165344722391703,0.10006101281269067,421000814,207074882,0.491863376777224,0.03343465045592705,0.411302888649167,33372,28444,19,12,76,8,12,1
Levoča,2016,13871,0.3682503063946363,434,428,16,4,79.51,26.2,33553,0.13575537209787503,0.15304736317807227,0.9473272803800132,0.17388651616839537,0.11165344722391703,0.10006101281269067,421001569,205795217,0.488822921702698,0.03686635944700461,0.4134056567222007,33553,28998,28,19,114,10,21,2
Liptovský Mikuláš,2002,42369,0.5275555240860063,624,607,31,49,55.3,23.68,73758,0.04625938881206104,0.19012345679012346,0.7881779503490438,0.06325813399841287,0.1161999773268337,0.11529305067452669,1334728662,442109810,0.33123572047784494,0.049679487179487176,0.5744326039209307,73758,70346,139,22,1035,23,40,0
Liptovský Mikuláš,2010,36314,0.499697086523104,1481,1471,98,54,54.61,19.29,73253,0.050182245095763967,0.19012345679012346,0.7881779503490438,0.06325813399841287,0.1161999773268337,0.11529305067452669,1341080809,440075673,0.3281500041210417,0.0661715057393653,0.49573396311413864,73253,69577,141,31,1121,42,71,4
Liptovský Mikuláš,2012,36669,0.6717118001581718,1701,1687,129,54,54.14,19.36,72592,0.0914976856953934,0.19012345679012346,0.7881779503490438,0.06325813399841287,0.1161999773268337,0.11529305067452669,1341024623,438000165,0.32661604976361425,0.07583774250440917,0.5051383072514878,72592,65950,99,24,707,36,50,4
Liptovský Mikuláš,2016,40480,0.4013092885375494,2490,2479,123,64,54.03,19.93,72452,0.08398663943024343,0.19012345679012346,0.7881779503490438,0.06325813399841287,0.1161999773268337,0.11529305067452669,1341035937,435777422,0.3249558121275015,0.04939759036144578,0.5587147352730083,72452,66367,114,34,755,52,90,10
Lučenec,2002,37529,0.36369207812624904,526,515,22,40,88.78,24.61,73326,0.32459155006409735,0.12546569610821345,0.8757564018647894,0.07420387018131952,0.10726801767484383,0.1287520950784702,825739219,430202989,0.5209913482382384,0.04182509505703422,0.5118102719362846,73326,49525,20283,49,334,23,22,5
Lučenec,2010,30970,0.36206005812076203,1255,1245,146,54,88.21,22,72731,0.3286219081272085,0.12546569610821345,0.8757564018647894,0.07420387018131952,0.10726801767484383,0.1287520950784702,825585168,423704038,0.5132166303646579,0.11633466135458168,0.4258156769465565,72731,48830,20192,64,362,42,26,16
Lučenec,2012,29088,0.4948776127612761,1413,1402,204,54,90.56,22.28,74681,0.39566958128573537,0.12546569610821345,0.8757564018647894,0.07420387018131952,0.10726801767484383,0.1287520950784702,825553752,422616703,0.5119190627819956,0.14437367303609341,0.3894966591234718,74681,45132,17295,48,237,31,27,18
Lučenec,2016,28438,0.31099233420071737,1819,1813,194,54,89.73,22.17,74045,0.38157876966709436,0.12546569610821345,0.8757564018647894,0.07420387018131952,0.10726801767484383,0.1287520950784702,825553363,417594664,0.505836064288433,0.10665200659703133,0.3840637450199203,74045,45791,17290,65,304,52,41,28
Malacky,2002,31256,0.4649667263885334,538,532,67,60,68.15,23.86,64966,0.030708370532278373,0.17004403050413025,0.8238690334837331,0.02673358598791355,0.1155382566833965,0.15702140735429684,949609811,342320148,0.36048505821513677,0.12453531598513011,0.4811131976726288,64966,62971,195,17,727,15,25,4
Malacky,2010,30580,0.4183453237410072,1744,1736,232,97,73.25,20.74,69936,0.037234042553191515,0.17004403050413025,0.8238690334837331,0.02673358598791355,0.1155382566833965,0.15702140735429684,949460624,339336905,0.35739966084154323,0.13302752293577982,0.437256920613132,69936,67332,236,42,835,69,51,38
Malacky,2012,31204,0.6216510703755929,2026,2020,263,82,71.77,21.82,68517,0.051680604813403974,0.17004403050413025,0.8238690334837331,0.02673358598791355,0.1155382566833965,0.15702140735429684,949578041,334861408,0.35264232484499924,0.12981243830207306,0.4554198228176949,68517,64976,332,41,545,37,37,13
Malacky,2016,35014,0.3815616610498658,2610,2603,292,69,75.33,24.52,72098,0.051984798468750815,0.17004403050413025,0.8238690334837331,0.02673358598791355,0.1155382566833965,0.15702140735429684,949564923,331598032,0.3492104899498273,0.11187739463601533,0.4856445393769591,72098,68350,403,95,676,90,61,44
Martin,2002,54533,0.48134157299249997,1151,1144,54,93,133.05,23.76,97912,0.039280169948525234,0.1991344759955658,0.7609617959015549,0.03293856402664693,0.1207438934122872,0.11621021465581051,735651159,252572125,0.3433313764411537,0.04691572545612511,0.5569593104011765,97912,94066,197,29,1256,68,62,1
Martin,2010,47260,0.5072577232331782,2090,2084,116,95,132.62,18.99,97640,0.04479721425645222,0.1991344759955658,0.7609617959015549,0.03293856402664693,0.1207438934122872,0.11621021465581051,735651159,244514052,0.3323777159984057,0.05550239234449761,0.4840229414174519,97640,93266,186,39,1280,92,98,4
Martin,2012,48901,0.6839328439091226,2291,2280,149,87,132.16,19.44,97228,0.13991854198379072,0.1991344759955658,0.7609617959015549,0.03293856402664693,0.1207438934122872,0.11621021465581051,735650345,242684375,0.32989092800602166,0.0650371017023134,0.5029518245772823,97228,83624,164,21,801,84,55,6
Martin,2016,50019,0.4069453607629101,2891,2883,149,100,131.49,20.28,96723,0.13064110914673865,0.1991344759955658,0.7609617959015549,0.03293856402664693,0.1207438934122872,0.11621021465581051,735711545,240948457,0.32750397711918466,0.051539259771705294,0.5171365652430135,96723,84087,162,30,857,126,111,10
Medzilaborce,2002,6313,0.4810708062727705,80,80,2,7,29.46,26.65,12577,0.49542816251888366,0.13670653173873046,0.9732530120481928,0.37305699481865284,0.15889464594127806,0.04835924006908463,427276155,163325187,0.3822473711410364,0.025,0.5019480003180409,12577,6346,10,605,76,0,6,0
Medzilaborce,2010,5281,0.7080098466199584,116,114,7,6,28.2,21.88,12052,0.5000829737802854,0.13670653173873046,0.9732530120481928,0.37305699481865284,0.15889464594127806,0.04835924006908463,427252072,162211352,0.37966194345337195,0.0603448275862069,0.43818453368735477,12052,6025,16,486,89,2,14,0
Medzilaborce,2012,5245,0.7843660629170639,135,134,9,5,28.94,21.63,12319,0.6242389804367238,0.13670653173873046,0.9732530120481928,0.37305699481865284,0.15889464594127806,0.04835924006908463,427252072,162168622,0.37956193223563817,0.06666666666666667,0.4257650783342804,12319,4629,14,312,49,3,8,0
Medzilaborce,2016,4955,0.2542885973763875,143,142,10,4,28.38,21.1,12119,0.5765327172208928,0.13670653173873046,0.9732530120481928,0.37305699481865284,0.15889464594127806,0.04835924006908463,427252072,157615084,0.36890420042246164,0.06993006993006994,0.4088621173364139,12119,5132,13,337,59,6,18,0
Michalovce,2002,51147,0.4491172502786087,680,676,35,48,107.21,28.86,109192,0.18785258993332843,0.14169738297088094,0.9402302376355534,0.06295307134681419,0.0897876128704057,0.1004705583110772,1018585687,726954559,0.7136901374896307,0.051470588235294115,0.46841343688182285,109192,88680,12828,438,585,15,41,0
Michalovce,2010,40588,0.5021434906869026,1335,1330,114,60,108.07,24.85,110166,0.21777136321551116,0.14169738297088094,0.9402302376355534,0.06295307134681419,0.0897876128704057,0.1004705583110772,1019256521,727534064,0.7137889716773271,0.0853932584269663,0.3684258301109235,110166,86175,13224,497,664,33,75,4
Michalovce,2012,43447,0.6233341772734596,1508,1502,128,59,108.8,24.83,110899,0.2533115717905482,0.14169738297088094,0.9402302376355534,0.06295307134681419,0.0897876128704057,0.1004705583110772,1019242961,727108791,0.7133812239297869,0.08488063660477453,0.3917708906302131,110899,82807,12145,388,373,33,69,2
Michalovce,2016,41653,0.29265599116510216,2178,2176,143,60,108.66,24.23,110791,0.2516449892139253,0.14169738297088094,0.9402302376355534,0.06295307134681419,0.0897876128704057,0.1004705583110772,1019236154,724540838,0.710866500522508,0.06565656565656566,0.3759601411667013,110791,82911,12264,518,444,60,99,5
Myjava,2002,15097,0.6177386235675962,201,192,23,21,88.83,21.59,28967,0.03497082887423619,0.1458423688049521,0.779811848461734,0.05078651685393258,0.2157303370786517,0.07775280898876405,327445777,190325591,0.5812430770789876,0.11442786069651742,0.5211792729657887,28967,27954,14,40,373,9,5,-1
Myjava,2010,12826,0.5605021050990177,444,432,53,27,84.88,16.52,27726,0.04122484310755248,0.1458423688049521,0.779811848461734,0.05078651685393258,0.2157303370786517,0.07775280898876405,327442100,189482017,0.5786733501892396,0.11936936936936937,0.4625982831998846,27726,26583,21,53,413,17,10,1
Myjava,2012,13154,0.6996350919872282,466,454,59,27,83.7,17.19,27353,0.08715680181332941,0.1458423688049521,0.779811848461734,0.05078651685393258,0.2157303370786517,0.07775280898876405,327438912,188982794,0.5771543548251223,0.12660944206008584,0.48089789054217086,27353,24969,23,38,255,8,7,0
Myjava,2016,13100,0.3706106870229008,590,579,42,18,82.14,17.91,26829,0.08214991240821501,0.1458423688049521,0.779811848461734,0.05078651685393258,0.2157303370786517,0.07775280898876405,327421905,188538349,0.5758269258130424,0.0711864406779661,0.48827761004882775,26829,24625,37,45,277,13,8,1
Námestovo,2002,24485,0.5058198897284052,234,218,12,11,81.7,43.82,56658,0.006936354971936898,0.12902160061671097,0.987117903930131,0.07053941908713693,0.1683091286307054,0.07131742738589211,690509920,307456074,0.44525945984961374,0.05128205128205128,0.43215432948568605,56658,56265,14,13,140,2,69,1
Námestovo,2010,22765,0.5116187129365254,514,508,27,9,86.34,33.08,59754,0.008568464035880408,0.12902160061671097,0.987117903930131,0.07053941908713693,0.1683091286307054,0.07131742738589211,690455235,307107526,0.44478991603271717,0.05252918287937743,0.38097867925159823,59754,59242,15,20,184,7,93,3
Námestovo,2012,25604,0.6782143415091392,618,614,36,8,87,32.38,60248,0.027054839994688606,0.12902160061671097,0.987117903930131,0.07053941908713693,0.1683091286307054,0.07131742738589211,690455235,306616006,0.44407803787598193,0.05825242718446602,0.424976762714115,60248,58618,14,15,114,6,92,1
Námestovo,2016,28396,0.37434849978870266,1097,1094,47,12,89.11,30.78,61746,0.024681760761830707,0.12902160061671097,0.987117903930131,0.07053941908713693,0.1683091286307054,0.07131742738589211,690455235,299740121,0.43411955736710434,0.04284412032816773,0.4598840410714864,61746,60222,14,20,154,14,146,1
Nitra,2002,92044,0.5263678240841336,1669,1649,164,151,187.8,23.84,163548,0.0882248636485925,0.22566532993073277,0.8760108832936415,0.020429009193054137,0.10214504596527069,0.15943139257746,870730423,684508314,0.7861311560030331,0.09826243259436789,0.562795020422139,163548,149119,10854,86,1163,66,84,0
Nitra,2010,80136,0.5085105320954377,4062,4040,446,172,189.24,18.94,165011,0.09423614183296869,0.22566532993073277,0.8760108832936415,0.020429009193054137,0.10214504596527069,0.15943139257746,870730423,677868484,0.7785055696853721,0.10979812900049236,0.48564035124931065,165011,149461,10432,137,1319,138,211,50
Nitra,2012,81853,0.6290178735049418,4602,4578,486,167,183.28,19.45,159761,0.12249547761969437,0.22566532993073277,0.8760108832936415,0.020429009193054137,0.10214504596527069,0.15943139257746,870730423,676146917,0.7765284169931892,0.10560625814863103,0.5123465676854801,159761,140191,9046,76,867,63,127,15
Nitra,2016,84041,0.34894872740686095,6565,6545,530,172,184.43,20.49,160793,0.11993059399351957,0.22566532993073277,0.8760108832936415,0.020429009193054137,0.10214504596527069,0.15943139257746,870719944,669742646,0.7691826179187645,0.08073115003808073,0.5226657876897626,160793,141509,8750,85,1066,133,258,64
Nové Mesto nad Váhom,2002,35143,0.535127905984122,688,677,56,55,109.31,22.85,63265,0.03194499328222555,0.15691247236311615,0.8270846954885419,0.03703201302224634,0.1686109603906674,0.09441128594682582,579991050,295046725,0.5087090999076623,0.08139534883720931,0.555488816881372,63265,61244,80,18,823,18,15,1
Nové Mesto nad Váhom,2010,30213,0.550623903617648,1486,1478,174,77,108.04,18.63,62708,0.036454678828857556,0.15691247236311615,0.8270846954885419,0.03703201302224634,0.1686109603906674,0.09441128594682582,579985450,293253355,0.5056219168946393,0.11709286675639301,0.48180455444281434,62708,60422,82,41,931,48,21,13
Nové Mesto nad Váhom,2012,30958,0.6848310614380774,1518,1511,186,64,108.02,18.86,62577,0.07232689326749442,0.15691247236311615,0.8270846954885419,0.03703201302224634,0.1686109603906674,0.09441128594682582,579985870,292712985,0.5046898556338968,0.1225296442687747,0.49471850679962287,62577,58051,79,29,571,22,22,8
Nové Mesto nad Váhom,2016,31892,0.3789665119779255,1943,1934,176,64,107.87,19.98,62566,0.06575456318128059,0.15691247236311615,0.8270846954885419,0.03703201302224634,0.1686109603906674,0.09441128594682582,579985077,290588263,0.5010271376344395,0.0905815748841997,0.5097337211904229,62566,58452,85,40,638,43,33,15
Nové Zámky,2002,85748,0.3424453048467603,931,916,77,84,110.54,22.54,148732,0.40483554312454617,0.14796242363194428,0.8957186480815971,0.040402792364242913,0.1050225489590412,0.1208377092728733,1346761665,1082358718,0.8036750273850422,0.08270676691729323,0.5765269074577092,148732,88520,56901,19,881,29,45,2
Nové Zámky,2010,73586,0.3191232027831381,2674,2658,582,139,108.31,18.12,145586,0.4068385696426854,0.14796242363194428,0.8957186480815971,0.040402792364242913,0.1050225489590412,0.1208377092728733,1347064780,1079962423,0.8017152842493588,0.21765145848915482,0.5054469523168437,145586,86356,55438,39,1017,71,60,24
Nové Zámky,2012,68864,0.41982748605947956,3128,3112,696,154,106.84,17.91,143636,0.4193168843465427,0.14796242363194428,0.8957186480815971,0.040402792364242913,0.1050225489590412,0.1208377092728733,1347064780,1076844504,0.7994006821260667,0.22250639386189258,0.4794341251496839,143636,83407,48264,29,658,42,53,10
Nové Zámky,2016,65867,0.24924469005723654,4634,4618,989,152,104.85,18.27,140913,0.40910348938706864,0.14796242363194428,0.8957186480815971,0.040402792364242913,0.1050225489590412,0.1208377092728733,1347064780,1073755986,0.7971079059761328,0.21342252913249893,0.46743025838638025,140913,83265,47300,54,765,71,81,32
Partizánske,2002,27072,0.57350768321513,319,318,31,30,158.83,22.13,47795,0.018286431635108236,0.13565268566513503,0.8836237968027817,0.046431642304385214,0.17483519633132702,0.09458297506448839,301162309,140629371,0.46695541506158394,0.09717868338557993,0.5664190814938801,47795,46921,91,5,281,18,23,1
Partizánske,2010,22418,0.5907306628602016,670,666,66,39,156.68,17.78,47086,0.021896104999362898,0.13565268566513503,0.8836237968027817,0.046431642304385214,0.17483519633132702,0.09458297506448839,301030521,139110276,0.46211352768445696,0.09850746268656717,0.4761075478910929,47086,46055,116,14,311,31,34,4
Partizánske,2012,23478,0.7103671522276174,777,773,70,31,156.03,17.57,46893,0.07613076578593825,0.13565268566513503,0.8836237968027817,0.046431642304385214,0.17483519633132702,0.09458297506448839,301030516,138997201,0.4617379089899311,0.09009009009009009,0.5006717420510524,46893,43323,71,11,189,12,18,5
Partizánske,2016,22766,0.35728718264078013,919,914,62,21,153.56,18.42,46122,0.06901261870690778,0.13565268566513503,0.8836237968027817,0.046431642304385214,0.17483519633132702,0.09458297506448839,301030426,137639181,0.45722680869474636,0.06746463547334058,0.49360392003815967,46122,42939,128,10,214,30,37,13
Pezinok,2002,30733,0.4767188364298962,622,615,64,62,144.94,23.17,54723,0.027045300878972278,0.23703373885066717,0.8186113572011743,0.017176448975842747,0.10700835859281713,0.1831542206301093,375539629,175001080,0.4659989691793619,0.10289389067524116,0.5616102918334156,54723,53243,241,34,511,58,15,4
Pezinok,2010,30470,0.4092221857564818,1973,1963,209,93,157.61,20.75,59547,0.030060288511595923,0.23703373885066717,0.8186113572011743,0.017176448975842747,0.10700835859281713,0.1831542206301093,375539629,171323449,0.4562060453012803,0.10593005575266093,0.511696642987892,59547,57757,280,58,591,77,23,16
Pezinok,2012,31555,0.6034859768657899,2292,2282,239,95,155.34,21.93,58696,0.04806119667439013,0.23703373885066717,0.8186113572011743,0.017176448975842747,0.10700835859281713,0.1831542206301093,375539629,170099446,0.4529467274943705,0.10427574171029669,0.5376005179228568,58696,55875,323,46,420,74,13,4
Pezinok,2016,34982,0.3819678691898691,2909,2899,190,84,165.05,25.2,62459,0.04767927760610957,0.23703373885066717,0.8186113572011743,0.017176448975842747,0.10700835859281713,0.1831542206301093,375539629,168718729,0.4492701061916424,0.06531454107940873,0.5600794120943339,62459,59481,379,80,511,108,34,21
Piešťany,2002,35840,0.5223772321428571,959,950,122,116,167.55,22.56,63927,0.02408997763073506,0.19150362261019438,0.8784678236635419,0.02539951317599746,0.11207535188908879,0.13874484072388613,381147816,245299393,0.6435807387651409,0.12721584984358708,0.5606394794061977,63927,62387,116,13,720,25,18,3
Piešťany,2010,31615,0.48575043492013287,1911,1900,278,131,168.95,17.96,64337,0.03226759096631793,0.19150362261019438,0.8784678236635419,0.02539951317599746,0.11207535188908879,0.13874484072388613,381115992,243230153,0.6382050559557731,0.1454735740450026,0.4913968633912057,64337,62261,139,34,820,86,34,28
Piešťany,2012,32122,0.6403399539256585,2075,2063,291,124,165.59,18,63090,0.1055793311142812,0.19150362261019438,0.8784678236635419,0.02539951317599746,0.11207535188908879,0.13874484072388613,381115992,243038416,0.6377019623988909,0.14024096385542167,0.5091456649231257,63090,56429,115,19,455,43,19,7
Piešťany,2016,32723,0.3998410903645754,2495,2486,276,106,165.2,19.05,62924,0.09768927595194199,0.19150362261019438,0.8784678236635419,0.02539951317599746,0.11207535188908879,0.13874484072388613,381115710,242527983,0.6363631218455938,0.11062124248496993,0.5200400483122497,62924,56777,139,49,558,88,52,38
Poltár,2002,12660,0.39360189573459714,51,48,1,0,48.45,24.86,22980,0.03272410791993041,0.10094482792382631,0.8249722776668884,0.2089864158829676,0.12121212121212122,0.09404388714733543,476302629,219537713,0.46092064085583706,0.0196078431372549,0.5509138381201044,22980,22228,104,4,85,2,8,1
Poltár,2010,10039,0.648470963243351,145,141,11,6,47.33,20.41,22498,0.036225442261534346,0.10094482792382631,0.8249722776668884,0.2089864158829676,0.12121212121212122,0.09404388714733543,476219038,216326950,0.45425934861512196,0.07586206896551724,0.44621744155036003,22498,21683,111,5,92,31,5,3
Poltár,2012,10222,0.7780277832126785,179,175,11,5,47.12,19.86,22400,0.09776785714285718,0.10094482792382631,0.8249722776668884,0.2089864158829676,0.12121212121212122,0.09404388714733543,476219038,215986135,0.4535436800407799,0.061452513966480445,0.4563392857142857,22400,20210,100,4,67,8,6,0
Poltár,2016,9795,0.3953037263910158,261,259,5,2,45.87,19.47,21767,0.08903385859328339,0.10094482792382631,0.8249722776668884,0.2089864158829676,0.12121212121212122,0.09404388714733543,476298871,215505006,0.452457520101911,0.019157088122605363,0.4499931088344742,21767,19829,117,7,77,59,5,2
Poprad,2002,53287,0.440970593202845,1107,1096,56,86,94,27.73,104526,0.0636588025945698,0.18234783202724728,0.880670554496988,0.03202160493827161,0.09575617283950617,0.13858024691358026,1112159120,286957736,0.25801859719497694,0.05058717253839205,0.5097966056292215,104526,97872,207,102,921,162,104,3
Poprad,2010,44816,0.4158113173866476,2439,2428,171,125,95.01,22.6,105068,0.06919328434918337,0.18234783202724728,0.880670554496988,0.03202160493827161,0.09575617283950617,0.13858024691358026,1105383920,280014173,0.25331847870557045,0.07011070110701106,0.4265428103704268,105068,97798,235,127,1020,234,172,15
Poprad,2012,46004,0.5978827928006261,2820,2808,214,87,94.25,23.25,104297,0.15267936757528977,0.18234783202724728,0.880670554496988,0.03202160493827161,0.09575617283950617,0.13858024691358026,1105081395,278772827,0.25226451939316197,0.07588652482269503,0.4410865125554906,104297,88373,142,85,629,115,105,9
Poprad,2016,50042,0.39346948563206907,3434,3421,163,80,94.62,23.67,104596,0.14077976213239507,0.18234783202724728,0.880670554496988,0.03202160493827161,0.09575617283950617,0.13858024691358026,1104780551,273624461,0.2476731335941123,0.04746651135701806,0.47843129756396036,104596,89871,196,102,710,160,175,18
Považská Bystrica,2002,35208,0.615229493296978,616,612,47,37,140.5,26.81,65007,0.01773655144830555,0.18508111287186943,0.9046105428796224,0.05114401076716016,0.1556751906684612,0.10647525048601765,462975197,132095085,0.28531784392760895,0.0762987012987013,0.5416032119617887,65007,63854,42,14,523,21,31,0
Považská Bystrica,2010,31613,0.6270521620852181,1308,1300,104,59,138.07,18.94,63890,0.021255282516825846,0.18508111287186943,0.9046105428796224,0.05114401076716016,0.1556751906684612,0.10647525048601765,463153844,130136293,0.28097854457189825,0.07951070336391437,0.494803568633589,63890,62532,49,23,598,32,43,4
Považská Bystrica,2012,32915,0.7357435819535166,1414,1407,120,53,137,18.55,63363,0.07390748544103021,0.18508111287186943,0.9046105428796224,0.05114401076716016,0.1556751906684612,0.10647525048601765,463153880,129109466,0.2787614906734669,0.08486562942008487,0.5194671969445891,63363,58680,41,26,373,17,30,3
Považská Bystrica,2016,32358,0.38902280734285183,1807,1801,98,46,135.85,19,62810,0.06661359656105714,0.18508111287186943,0.9046105428796224,0.05114401076716016,0.1556751906684612,0.10647525048601765,463153880,127582379,0.27546434243409557,0.054233536247924735,0.5151727431937589,62810,58626,47,37,417,33,43,5
Prešov,2002,84340,0.3984230495612995,1692,1682,83,139,174.03,30.67,162658,0.05793751306422068,0.20651088130171433,0.9210260708404407,0.028164378408877186,0.11312770359225127,0.13108895993981567,933484649,497104063,0.532525161000264,0.04905437352245863,0.5185112321558116,162658,153234,224,1146,939,49,57,0
Prešov,2010,72514,0.402777394709987,4026,4020,229,242,179.23,24.71,167616,0.05772718594883541,0.20651088130171433,0.9210260708404407,0.028164378408877186,0.11312770359225127,0.13108895993981567,933677472,493450776,0.5285023905985385,0.0568802781917536,0.4326197976326842,167616,157940,208,1134,965,58,160,5
Prešov,2012,76215,0.578455684576527,4592,4584,252,178,182.26,24.64,170532,0.15122088522975163,0.20651088130171433,0.9210260708404407,0.028164378408877186,0.11312770359225127,0.13108895993981567,933731474,492489702,0.5274425417944089,0.054878048780487805,0.4469249173175709,170532,144744,162,747,603,54,63,8
Prešov,2016,80683,0.37962148160083287,5789,5779,293,147,185.23,25.54,173457,0.14179883198717835,0.20651088130171433,0.9210260708404407,0.028164378408877186,0.11312770359225127,0.13108895993981567,933954989,490396663,0.5250752646281972,0.05061323199170841,0.4651469816726912,173457,148861,195,777,722,83,228,14
Prievidza,2002,78403,0.5943267477009808,1028,1014,75,99,145.99,23.48,139950,0.028102893890675218,0.146712500765603,0.7753564332023148,0.04220118552596656,0.12120675926745111,0.11634079447934177,959757669,356012574,0.37094006695558895,0.07295719844357977,0.5602215076813147,139950,136017,483,57,983,585,58,2
Prievidza,2010,67845,0.6031689881347189,2135,2113,182,99,145.45,17.49,139535,0.03925896728419398,0.146712500765603,0.7753564332023148,0.04220118552596656,0.12120675926745111,0.11634079447934177,959773759,347954155,0.3625376832166548,0.08524590163934426,0.486222094814921,139535,134057,492,70,1083,621,294,15
Prievidza,2012,70939,0.7464159348172373,2366,2341,212,92,143.37,17.56,137380,0.07688892124035518,0.146712500765603,0.7753564332023148,0.04220118552596656,0.12120675926745111,0.11634079447934177,959773271,346547064,0.36107180150883783,0.08960270498732037,0.5163706507497452,137380,126817,313,62,704,374,59,7
Prievidza,2016,70401,0.3617704293973097,3132,3113,189,92,141.43,18.01,135533,0.07290475382379202,0.146712500765603,0.7753564332023148,0.04220118552596656,0.12120675926745111,0.11634079447934177,959869538,344832643,0.3592494910490638,0.0603448275862069,0.519438070433031,135533,125652,335,81,800,408,271,26
Púchov,2002,25254,0.6312267363585966,359,352,33,23,121.81,26.54,45688,0.018757660654876607,0.15944984478734733,0.9294207214671175,0.06212806474648893,0.13234944060937873,0.1028326588907403,375348973,138630227,0.3693369023817737,0.09192200557103064,0.5527490807214148,45688,44831,19,14,454,10,20,1
Púchov,2010,22205,0.6007655933348345,712,706,74,36,121.03,19.81,45451,0.023365822534157643,0.15944984478734733,0.9294207214671175,0.06212806474648893,0.13234944060937873,0.1028326588907403,375335640,137270431,0.3657271422452715,0.10393258426966293,0.4885481067523267,45451,44389,25,18,520,20,25,3
Púchov,2012,22894,0.7224600331964707,804,796,83,31,118.9,19.47,44592,0.06837549336203808,0.15944984478734733,0.9294207214671175,0.06212806474648893,0.13234944060937873,0.1028326588907403,375335640,135864711,0.3619819077133203,0.10323383084577115,0.513410477215644,44592,41543,21,7,270,18,21,0
Púchov,2016,23277,0.37380246595351635,1138,1131,88,30,118.49,19.66,44434,0.06598550659404956,0.15944984478734733,0.9294207214671175,0.06212806474648893,0.13234944060937873,0.1028326588907403,375109676,133614868,0.35620213646528276,0.0773286467486819,0.5238556060674259,44434,41502,29,13,332,33,34,3
Revúca,2002,19829,0.35473296686671035,145,134,7,6,55.94,28.17,40818,0.30405703366161985,0.09850426232937608,0.753440594059406,0.1369949494949495,0.13573232323232323,0.09154040404040405,730382860,254550362,0.34851634114195945,0.04827586206896552,0.48579058258611396,40818,28407,8908,86,222,8,9,0
Revúca,2010,17533,0.4931842810699823,280,268,21,10,55.46,24.89,40406,0.3036925209127357,0.09850426232937608,0.753440594059406,0.1369949494949495,0.13573232323232323,0.09154040404040405,730255815,251777892,0.34478040000270316,0.075,0.43392070484581496,40406,28135,8683,125,249,10,16,0
Revúca,2012,15737,0.5593188028213764,319,310,25,9,55.29,24.89,40326,0.33965679710360563,0.09850426232937608,0.753440594059406,0.1369949494949495,0.13573232323232323,0.09154040404040405,730197053,248577419,0.34042511946429344,0.07836990595611286,0.39024450726578386,40326,26629,7760,48,170,8,16,2
Revúca,2016,14248,0.3021476698483998,448,442,26,10,54.91,25.56,40052,0.32480275641665834,0.09850426232937608,0.753440594059406,0.1369949494949495,0.13573232323232323,0.09154040404040405,730117975,244900667,0.33542615766993,0.05803571428571429,0.35573754119644463,40052,27043,7763,53,196,13,20,4
Rimavská Sobota,2002,41311,0.2944252136234901,397,382,13,24,56.39,27.7,82885,0.47908547988176386,0.0951729115593773,0.8363509995405765,0.1360587002096436,0.11341719077568134,0.11341719077568134,1471080509,840870757,0.5716007736188421,0.0327455919395466,0.4984134644386801,82885,43176,34345,39,421,24,22,1
Rimavská Sobota,2010,35178,0.34254363522656206,859,849,67,35,56.22,25.34,82754,0.49203663871232806,0.0951729115593773,0.8363509995405765,0.1360587002096436,0.11341719077568134,0.11341719077568134,1471077286,837393208,0.5692380787667195,0.0779976717112922,0.42509123426057954,82754,42036,35173,49,469,33,34,10
Rimavská Sobota,2012,32972,0.4050406405434914,974,965,97,37,57.68,25.73,84837,0.5286608437356342,0.0951729115593773,0.8363509995405765,0.1360587002096436,0.11341719077568134,0.11341719077568134,1471077286,835945297,0.5682538266041857,0.09958932238193019,0.38865117814161276,84837,39987,30772,30,295,31,25,6
Rimavská Sobota,2016,31481,0.2568851053016105,1336,1329,90,29,57.47,25.92,84518,0.5235216166970349,0.0951729115593773,0.8363509995405765,0.1360587002096436,0.11341719077568134,0.11341719077568134,1471073878,827790786,0.5627119061657351,0.06736526946107785,0.3724768688326747,84518,40271,31653,36,359,44,34,13
Rožňava,2002,31994,0.2838344689629306,380,371,30,24,52.72,27.64,61867,0.36992257584819044,0.11633189253326554,0.7535634796609367,0.1293963254593176,0.1236220472440945,0.08582677165354331,1173324043,372803226,0.3177325379328309,0.07894736842105263,0.5171416102283931,61867,38981,18901,65,281,35,20,0
Rožňava,2010,28809,0.3807837828456385,730,719,71,34,52.67,23.87,61827,0.3699192909246769,0.11633189253326554,0.7535634796609367,0.1293963254593176,0.1236220472440945,0.08582677165354331,1173343478,368973930,0.31446369875335006,0.09726027397260274,0.4659614731428017,61827,38956,18695,71,342,45,36,5
Rožňava,2012,25874,0.4569451959496019,798,789,81,32,53.9,24.28,63179,0.4130802956678643,0.11633189253326554,0.7535634796609367,0.1293963254593176,0.1236220472440945,0.08582677165354331,1173346968,365317324,0.3113463740590669,0.10150375939849623,0.40953481378306084,63179,37081,16111,53,220,38,27,0
Rožňava,2016,24202,0.29819849599206677,1000,993,73,26,53.36,23.57,62515,0.3935215548268416,0.11633189253326554,0.7535634796609367,0.1293963254593176,0.1236220472440945,0.08582677165354331,1173348104,365190115,0.3112376572264014,0.073,0.38713908661921137,62515,37914,15538,60,272,43,38,6
Ružomberok,2002,32946,0.49632732349905906,344,326,11,15,91.62,26.52,59210,0.021499746664414787,0.17492460901886528,0.9062122935843072,0.0469520615506017,0.10613533241270467,0.13020319589662654,646844544,187457108,0.2898024103918236,0.03197674418604651,0.5564262793447052,59210,57937,51,48,359,10,24,1
Ružomberok,2010,28476,0.4937140047759517,938,927,48,28,91.43,21.24,59113,0.026390134149848588,0.17492460901886528,0.9062122935843072,0.0469520615506017,0.10613533241270467,0.13020319589662654,646834809,185895652,0.28739277697097465,0.0511727078891258,0.48172144875069783,59113,57553,51,82,436,25,79,7
Ružomberok,2012,29576,0.6428861238842305,1058,1048,72,29,89.45,20.69,57762,0.06284408434610989,0.17492460901886528,0.9062122935843072,0.0469520615506017,0.10613533241270467,0.13020319589662654,646812354,182975980,0.28288881445823466,0.06805293005671077,0.5120321318513902,57762,54132,57,40,251,15,46,4
Ružomberok,2016,30833,0.4165018000194597,1382,1373,77,21,88.19,20.87,56942,0.05834006532963365,0.17492460901886528,0.9062122935843072,0.0469520615506017,0.10613533241270467,0.13020319589662654,646798629,182014993,0.28140905815061645,0.055716353111432707,0.5414808050296793,56942,53620,60,51,315,28,94,23
Sabinov,2002,24983,0.478885642236721,172,169,5,9,112.6,41.67,54676,0.07937669178432949,0.11864966093025558,0.961864406779661,0.09488536155202822,0.18059964726631395,0.06419753086419754,483498328,259140639,0.535970083023741,0.029069767441860465,0.4569280854488258,54676,50336,24,116,145,5,21,0
Sabinov,2010,21397,0.49595737720241156,414,411,15,17,119,33.8,57751,0.0753753181763086,0.11864966093025558,0.961864406779661,0.09488536155202822,0.18059964726631395,0.06419753086419754,483498328,259182573,0.5360568134167364,0.036231884057971016,0.37050440685009783,57751,53398,17,117,174,11,21,0
Sabinov,2012,23089,0.645328944519035,500,498,17,12,106.81,33.38,58450,0.16453378956372966,0.11864966093025558,0.961864406779661,0.09488536155202822,0.18059964726631395,0.06419753086419754,545448530,262111553,0.48054314675667015,0.034,0.39502138579982893,58450,48833,19,75,98,6,20,0
Sabinov,2016,23863,0.36009722164019614,799,793,18,14,109.12,32.72,59694,0.15497369919924953,0.11864966093025558,0.961864406779661,0.09488536155202822,0.18059964726631395,0.06419753086419754,545448530,261679462,0.4797509711869606,0.02252816020025031,0.3997554193051228,59694,50443,31,85,141,14,33,0
Šaľa,2002,28322,0.3109596779888426,362,355,28,29,151.58,23.73,53966,0.37812696883222774,0.139449109314918,0.8519873888075667,0.030959752321981424,0.12229102167182662,0.14047987616099072,355900088,296939233,0.8343331260991428,0.07734806629834254,0.5248119186154245,53966,33560,19109,28,282,8,19,2
Šaľa,2010,25206,0.2621598032214552,997,992,68,51,151.55,19.22,53903,0.3704246516891453,0.139449109314918,0.8519873888075667,0.030959752321981424,0.12229102167182662,0.14047987616099072,355900088,295573966,0.8304970298293379,0.06820461384152457,0.46761775782423987,53903,33936,18453,39,327,17,28,10
Šaľa,2012,23825,0.3808604407135362,1146,1142,75,49,149.42,19.46,53101,0.3921960038417356,0.139449109314918,0.8519873888075667,0.030959752321981424,0.12229102167182662,0.14047987616099072,355900088,295027503,0.8289615904787301,0.06544502617801047,0.4486732829890209,53101,32275,16567,29,228,10,24,3
Šaľa,2016,23791,0.27094279349333783,1373,1369,76,34,147.33,19.97,52358,0.3855380266625922,0.139449109314918,0.8519873888075667,0.030959752321981424,0.12229102167182662,0.14047987616099072,355900088,294729204,0.8281234367101364,0.055353241077931534,0.4543909240230719,52358,32172,16046,36,250,15,33,13
Senec,2002,29406,0.3358498265660069,587,582,55,53,145.71,23.08,52998,0.22787652364240163,0.2603881450278321,0.8173092884629896,0.01892857142857143,0.091,0.18807142857142858,359890039,294428495,0.8181068190109035,0.09369676320272573,0.5548511264576022,52998,40921,10554,51,432,72,19,3
Senec,2010,33823,0.2653519794222866,2073,2069,275,94,180.71,23.11,66402,0.19371404475768805,0.2603881450278321,0.8173092884629896,0.01892857142857143,0.091,0.18807142857142858,359883925,274483333,0.7626996204401183,0.1326579835986493,0.5093671877353092,66402,53539,10659,85,600,115,74,41
Senec,2012,34580,0.4227299016772701,2575,2570,354,99,190.99,25.3,69880,0.21794504865483688,0.2603881450278321,0.8173092884629896,0.01892857142857143,0.091,0.18807142857142858,359883925,273139136,0.758964535579076,0.13747572815533982,0.4948483113909559,69880,54650,9258,108,485,103,49,14
Senec,2016,42596,0.3276129214010705,3748,3745,366,92,221.32,29.57,81412,0.1866923795017933,0.2603881450278321,0.8173092884629896,0.01892857142857143,0.091,0.18807142857142858,359883925,269873733,0.74989104611994,0.09765208110992529,0.5232152508229745,81412,66213,9324,193,654,151,101,44
Senica,2002,28139,0.50033760972316,510,503,51,51,88.84,24.74,60668,0.02813674424737922,0.13003184659713213,0.8369529287319847,0.05104944859480612,0.123977232301672,0.123977232301672,683680777,397874325,0.5819592101826786,0.1,0.4638194764950221,60668,58961,76,25,693,12,14,1
Senica,2010,25571,0.4746392397637949,1067,1058,153,59,89.73,19.43,61389,0.036537490429881525,0.13003184659713213,0.8369529287319847,0.05104944859480612,0.123977232301672,0.123977232301672,683541103,394233406,0.5767515724654235,0.14339268978444236,0.4165404225512714,61389,59146,76,32,765,18,24,17
Senica,2012,26408,0.6536655558921539,1211,1202,176,53,88.74,19.57,60690,0.05505025539627617,0.13003184659713213,0.8369529287319847,0.05104944859480612,0.123977232301672,0.123977232301672,683327728,393499065,0.5758570139568521,0.1453344343517754,0.43512934585598945,60690,57349,86,17,483,26,21,12
Senica,2016,27586,0.363626477198579,1520,1512,170,48,88.77,20.4,60655,0.05343335256780146,0.13003184659713213,0.8369529287319847,0.05104944859480612,0.123977232301672,0.123977232301672,683298319,391196636,0.5725122177565316,0.1118421052631579,0.454801747588822,60655,57414,98,29,578,32,31,37
Skalica,2002,20638,0.41394514972381047,479,476,86,54,130.78,25.11,46757,0.04333041041983021,0.1393274575698011,0.8278374150971696,0.03191065017949741,0.1418029517351416,0.12804148384523334,357124294,228326921,0.6393486100948371,0.17954070981210857,0.4413884552045683,46757,44731,49,71,1246,9,15,3
Skalica,2010,19113,0.36200491811855806,1007,1002,188,60,133.92,19.58,47871,0.05170144764053397,0.1393274575698011,0.8278374150971696,0.03191065017949741,0.1418029517351416,0.12804148384523334,357143508,226527018,0.6342744944981612,0.18669314796425024,0.3992605126276869,47871,45396,56,81,1409,20,19,9
Skalica,2012,19599,0.5918669319863258,1103,1097,193,57,130.81,20.11,46769,0.05937693771515318,0.1393274575698011,0.8278374150971696,0.03191065017949741,0.1418029517351416,0.12804148384523334,357139005,226557433,0.6343676546895235,0.17497733454215775,0.4190596335179285,46769,43992,136,72,797,11,14,3
Skalica,2016,21680,0.38228782287822877,1332,1329,183,51,131.72,20.98,47039,0.05958885180382234,0.1393274575698011,0.8278374150971696,0.03191065017949741,0.1418029517351416,0.12804148384523334,357081962,224450444,0.6285684181381305,0.1373873873873874,0.46089415166138736,47039,44236,145,83,906,24,18,23
Snina,2002,17878,0.526568967446023,193,192,8,20,49.12,29.12,39470,0.1521155307828731,0.15657192324339922,0.965642948936505,0.1144578313253012,0.21362372567191845,0.07460611677479147,804920065,259021613,0.32179793281709285,0.04145077720207254,0.4529516088168229,39470,33466,28,1088,194,2,21,0
Snina,2010,14435,0.6805680637339799,404,402,23,16,47.76,20.45,38338,0.15446815170327088,0.15657192324339922,0.965642948936505,0.1144578313253012,0.21362372567191845,0.07460611677479147,804743601,253657209,0.31520251752831274,0.05693069306930693,0.37651938024936094,38338,32416,28,979,207,13,29,1
Snina,2012,15496,0.7562596799173981,456,454,30,11,47.22,19.83,37920,0.2201740506329114,0.15657192324339922,0.965642948936505,0.1144578313253012,0.21362372567191845,0.07460611677479147,804744185,253102611,0.3145131281687981,0.06578947368421052,0.40864978902953586,37920,29571,20,582,151,8,13,0
Snina,2016,14713,0.30721130972609256,573,570,22,10,46.07,18.73,36945,0.20725402625524425,0.15657192324339922,0.965642948936505,0.1144578313253012,0.21362372567191845,0.07460611677479147,804744186,249397132,0.30990858503698465,0.038394415357766144,0.3982406279604818,36945,29288,43,634,182,12,30,1
Sobrance,2002,12086,0.5750455071984114,92,91,3,6,43.93,29.42,23624,0.03898577717575347,0.13352996380211823,0.9689530371080975,0.1973816717019134,0.10976837865055387,0.06747230614300101,538285356,303144867,0.5631675906115492,0.03260869565217391,0.5115983745343718,23624,22703,17,119,129,5,12,0
Sobrance,2010,10189,0.6984983806065365,171,169,23,10,43.13,22.33,23213,0.06328350493258084,0.13352996380211823,0.9689530371080975,0.1973816717019134,0.10976837865055387,0.06747230614300101,538170394,303001105,0.5630207614133452,0.13450292397660818,0.4389350794813251,23213,21744,20,162,151,9,19,0
Sobrance,2012,10332,0.7715834301200155,196,194,31,9,42.47,22.37,22839,0.11769341915145148,0.13352996380211823,0.9689530371080975,0.1973816717019134,0.10976837865055387,0.06747230614300101,538167703,302676900,0.5624211529468166,0.15816326530612246,0.4523840798633916,22839,20151,25,135,107,3,13,0
Sobrance,2016,9862,0.314337862502535,249,247,21,6,42.39,21.65,22818,0.12967832413007274,0.13352996380211823,0.9689530371080975,0.1973816717019134,0.10976837865055387,0.06747230614300101,538167833,301706093,0.5606171058536678,0.08433734939759036,0.43220264703304406,22818,19859,205,284,123,8,19,0
Spišská Nová Ves,2002,43743,0.4577646709187756,662,649,29,49,160.01,33.21,94193,0.08821249986729374,0.1393022218618229,0.8958634328281742,0.047106109324758845,0.13231511254019293,0.10562700964630226,587079574,215449147,0.3669845733723313,0.04380664652567976,0.4643975666981623,94193,85884,86,65,346,86,30,4
Spišská Nová Ves,2010,37397,0.47121426852421316,1154,1138,63,72,166.12,29.34,97784,0.10619324224822058,0.1393022218618229,0.8958634328281742,0.047106109324758845,0.13231511254019293,0.10562700964630226,587410168,210819848,0.3588971718310467,0.05459272097053726,0.3824449807739507,97784,87400,87,108,406,107,59,5
Spišská Nová Ves,2012,38844,0.6208680877355576,1252,1238,71,56,166.9,29.54,98244,0.1442327266805098,0.1393022218618229,0.8958634328281742,0.047106109324758845,0.13231511254019293,0.10562700964630226,587492721,209353408,0.3563506414916075,0.05670926517571885,0.39538292414803955,98244,84074,84,78,244,73,44,3
Spišská Nová Ves,2016,39189,0.3781673428768277,1709,1697,62,43,168.93,29.96,99318,0.14112245514408261,0.1393022218618229,0.8958634328281742,0.047106109324758845,0.13231511254019293,0.10562700964630226,587459110,207362946,0.3529827735584865,0.03627852545348157,0.394581042711291,99318,85302,96,95,341,97,72,3
Stará Ľubovňa,2002,22057,0.5066418823956114,298,290,8,13,81.69,39.33,51101,0.10281599185925916,0.13738248813059187,0.9767336284190217,0.09407484407484408,0.13305613305613306,0.07094594594594594,624061656,309312207,0.49564366601623094,0.026845637583892617,0.4316353887399464,51101,45847,33,574,177,137,61,0
Stará Ľubovňa,2010,20200,0.583069306930693,689,686,29,29,83.78,30.14,52335,0.13316136428776149,0.13738248813059187,0.9767336284190217,0.09407484407484408,0.13305613305613306,0.07094594594594594,624041026,302192249,0.48425061239483314,0.0420899854862119,0.3859749689500334,52335,45366,39,548,209,144,80,6
Stará Ľubovňa,2012,21141,0.6690790407265503,778,775,37,16,75,30.59,53140,0.22062476477229953,0.13738248813059187,0.9767336284190217,0.09407484407484408,0.13305613305613306,0.07094594594594594,707866759,302252867,0.4269911860630257,0.04755784061696658,0.3978359051561912,53140,41416,22,227,127,219,75,5
Stará Ľubovňa,2016,21737,0.34926622809035285,994,990,37,13,75.64,29.37,53617,0.2230076281776302,0.13738248813059187,0.9767336284190217,0.09407484407484408,0.13305613305613306,0.07094594594594594,707866759,295595068,0.41758574511619356,0.03722334004024145,0.40541246246526286,53617,41660,33,248,162,222,108,11
Stropkov,2002,10173,0.5406468101838199,143,140,4,7,53.95,30.01,20943,0.09969918349806617,0.1546799027552674,0.9806984854999761,0.18702513150204558,0.12156633547632963,0.061367621274108705,388898761,158000211,0.4062759433682022,0.027972027972027972,0.485747027646469,20943,18855,9,163,91,2,13,1
Stropkov,2010,8774,0.6104399361750626,325,323,7,12,53.19,22.22,20726,0.10016404516066779,0.1546799027552674,0.9806984854999761,0.18702513150204558,0.12156633547632963,0.061367621274108705,388976472,156845615,0.40322648358022023,0.021538461538461538,0.42333301167615556,20726,18650,8,123,122,4,21,1
Stropkov,2012,9092,0.7121645402551694,373,371,13,10,53.64,21.61,20824,0.20241067998463314,0.1546799027552674,0.9806984854999761,0.18702513150204558,0.12156633547632963,0.061367621274108705,388960994,156083203,0.4012824046824603,0.03485254691689008,0.43661160199769494,20824,16609,8,103,64,6,17,0
Stropkov,2016,8922,0.3278412911903161,446,445,15,10,53.06,21.03,20644,0.1843150552218562,0.1546799027552674,0.9806984854999761,0.18702513150204558,0.12156633547632963,0.061367621274108705,388931625,154138578,0.39631279148359305,0.033632286995515695,0.43218368533229995,20644,16839,9,116,85,9,26,0
Svidník,2002,15895,0.5268952500786411,262,255,7,17,61,30.37,33497,0.16544765202853984,0.1576265248272128,0.9731030747939106,0.14598311972491404,0.15692403876211317,0.05814316974054392,549760990,244311100,0.4443951179584423,0.026717557251908396,0.47452010627817415,33497,27955,17,804,109,0,16,0
Svidník,2010,13770,0.6349310094408134,627,626,34,24,60.39,21.95,33142,0.16381027095528333,0.1576265248272128,0.9731030747939106,0.14598311972491404,0.15692403876211317,0.05814316974054392,549783986,241709858,0.4396451409190372,0.05422647527910686,0.4154848832297387,33142,27713,22,674,138,2,82,1
Svidník,2012,14887,0.7399744743736145,688,687,41,14,60.32,21.32,33143,0.28135654587695746,0.1576265248272128,0.9731030747939106,0.14598311972491404,0.15692403876211317,0.05814316974054392,549747947,241512599,0.4393151449094907,0.059593023255813955,0.44917478803970673,33143,23818,15,389,76,4,43,0
Svidník,2016,14286,0.29168416631667365,796,795,51,11,59.85,20.75,32845,0.26016136398234135,0.1576265248272128,0.9731030747939106,0.14598311972491404,0.15692403876211317,0.05814316974054392,549607373,239409400,0.43560077932215074,0.06407035175879397,0.4349520474958137,32845,24300,20,462,112,7,88,1
Topoľčany,2002,42373,0.614919878224341,466,462,31,21,123.95,23.03,74099,0.01732816907110757,0.146587402045141,0.9281730489779537,0.04194297082228117,0.13975464190981432,0.10377984084880637,597685642,379538471,0.635013532749378,0.06652360515021459,0.571843074805328,74099,72815,115,57,421,27,28,2
Topoľčany,2010,36740,0.6610778443113773,1125,1120,85,38,123.83,18.57,73985,0.022072041630060157,0.146587402045141,0.9281730489779537,0.04194297082228117,0.13975464190981432,0.10377984084880637,597641296,375794542,0.6287961432972998,0.07555555555555556,0.4965871460431168,73985,72352,116,83,444,41,41,16
Topoľčany,2012,38440,0.7738813735691987,1218,1213,92,37,120.7,18.59,72038,0.05027901940642443,0.146587402045141,0.9281730489779537,0.04194297082228117,0.13975464190981432,0.10377984084880637,597634836,375376370,0.628103228574179,0.0755336617405583,0.5336072628335046,72038,68416,351,53,270,29,38,5
Topoľčany,2016,37262,0.36299715527883636,1642,1640,82,39,119.01,19.08,70999,0.048395047817574866,0.146587402045141,0.9281730489779537,0.04194297082228117,0.13975464190981432,0.10377984084880637,597633067,373580668,0.6251003979336371,0.049939098660170524,0.5248242932999057,70999,67563,362,69,305,42,52,23
Trebišov,2002,48801,0.35894756254994775,562,558,23,47,96.81,29.29,104006,0.35535449877891656,0.11545121255211507,0.9313390904291424,0.08370333826673244,0.11478375267225785,0.07679657950994902,1073854577,791217645,0.7368014831304295,0.04092526690391459,0.4692133146164644,104006,67047,30450,123,367,3,10,2
Trebišov,2010,41688,0.4128766071771253,1160,1149,99,54,98.08,25.53,105362,0.3676752529374917,0.11545121255211507,0.9313390904291424,0.08370333826673244,0.11478375267225785,0.07679657950994902,1073478240,788527521,0.7345538005502561,0.0853448275862069,0.3956644710616731,105362,66623,30054,153,455,18,16,7
Trebišov,2012,40295,0.5231666459858543,1300,1293,143,56,98.84,25.55,106145,0.40292995430778655,0.11545121255211507,0.9313390904291424,0.08370333826673244,0.11478375267225785,0.07679657950994902,1073478257,788219146,0.7342665218043629,0.11,0.3796222148947195,106145,63376,28025,127,306,12,16,0
Trebišov,2016,39083,0.22644116367730216,1649,1643,155,45,98.59,25.28,105797,0.3965235309129749,0.11545121255211507,0.9313390904291424,0.08370333826673244,0.11478375267225785,0.07679657950994902,1073469994,787160775,0.7332862393916154,0.0939963614311704,0.3694150117678195,105797,63846,27377,159,380,26,30,1
Trenčín,2002,65330,0.5517067197305985,1589,1568,196,171,167.03,23.19,112592,0.033323859599261096,0.21561718171887664,0.8530875657516687,0.029131204660992747,0.11281201804992289,0.14325698292111727,674823860,291918976,0.43258543940636596,0.12334801762114538,0.5802366065084553,112592,108840,196,25,1887,32,40,4
Trenčín,2010,57932,0.5032279223917696,3348,3335,378,183,168.72,18.77,113994,0.04029159429443652,0.21561718171887664,0.8530875657516687,0.029131204660992747,0.11281201804992289,0.14325698292111727,674823860,288277282,0.42718892897474015,0.11290322580645161,0.5082021860799691,113994,109401,187,44,2028,391,64,43
Trenčín,2012,58056,0.6604140829543889,3856,3843,431,193,167.97,19.25,113441,0.10339295316508146,0.21561718171887664,0.8530875657516687,0.029131204660992747,0.11281201804992289,0.14325698292111727,674816587,284179797,0.42112153505794014,0.11177385892116183,0.511772639521866,113441,101712,165,27,1204,59,48,9
Trenčín,2016,60304,0.3737728840541258,4761,4746,401,154,168.98,20.39,114116,0.0928441235234323,0.21561718171887664,0.8530875657516687,0.029131204660992747,0.11281201804992289,0.14325698292111727,674811863,279977032,0.4148964286954155,0.08422600294055871,0.5284447404395527,114116,103521,191,40,1293,259,72,45
Trnava,2002,68855,0.4968992810979595,1360,1350,139,110,171.31,22.49,126864,0.02237041241014004,0.2071244505078066,0.869756624950415,0.02088102283512925,0.11942381776561889,0.15459773323655854,741321298,534723594,0.7213115223353531,0.10220588235294117,0.5427465632488334,126864,124026,234,31,781,48,46,4
Trnava,2010,62558,0.4746794974263883,3235,3226,369,162,173.94,18.39,129212,0.031374794910689396,0.2071244505078066,0.869756624950415,0.02088102283512925,0.11942381776561889,0.15459773323655854,741325641,523140523,0.7056824883249924,0.11406491499227202,0.48415007894003653,129212,125158,249,61,917,165,119,27
Trnava,2012,65374,0.6847982378315538,3732,3724,406,175,174.05,19.19,129236,0.10430530192825527,0.2071244505078066,0.869756624950415,0.02088102283512925,0.11942381776561889,0.15459773323655854,741317002,521321377,0.7032367740029252,0.10878885316184352,0.5058497632238695,129236,115756,229,40,531,58,61,17
Trnava,2016,67747,0.40781141600366067,4752,4746,407,171,176.41,20.77,131167,0.09588539800407114,0.2071244505078066,0.869756624950415,0.02088102283512925,0.11942381776561889,0.15459773323655854,741316337,520327268,0.7018963997282041,0.08564814814814815,0.5164942401671152,131167,118590,312,60,685,175,184,54
Turčianske Teplice,2002,10048,0.5035828025477707,120,114,4,12,42.7,24.24,16739,0.03178206583427923,0.13301362948006057,0.8423591183832957,0.13089430894308943,0.12845528455284552,0.1016260162601626,392719092,152639757,0.3886741442150207,0.03333333333333333,0.600274807336161,16739,16207,19,6,91,260,8,0
Turčianske Teplice,2010,8510,0.5969447708578144,226,224,12,11,42.48,18.71,16659,0.034335794465454095,0.13301362948006057,0.8423591183832957,0.13089430894308943,0.12845528455284552,0.1016260162601626,392844292,151309127,0.3851631042662572,0.05309734513274336,0.5108349840926827,16659,16087,19,7,103,262,12,0
Turčianske Teplice,2012,8741,0.734927353849674,242,241,9,11,41.59,18.66,16306,0.06868637311419112,0.13301362948006057,0.8423591183832957,0.13089430894308943,0.12845528455284552,0.1016260162601626,392844308,151137218,0.38472548773698917,0.0371900826446281,0.5360603458849503,16306,15186,7,7,61,143,6,0
Turčianske Teplice,2016,8781,0.38412481494135065,343,341,20,9,40.91,18.28,16023,0.06172377207763835,0.13301362948006057,0.8423591183832957,0.13089430894308943,0.12845528455284552,0.1016260162601626,392860230,149820440,0.3813581232185299,0.05830903790087463,0.5480247144729451,16023,15034,7,7,81,130,12,0
Tvrdošín,2002,18772,0.4758683145109738,215,210,18,13,73.61,34.13,35309,0.010393950550851017,0.16180660298307356,0.9698568198944989,0.07408786299329859,0.14594192107222637,0.07222635889798958,478954504,209560243,0.4375368458796245,0.08372093023255814,0.5316491546064742,35309,34942,15,0,119,4,95,3
Tvrdošín,2010,16853,0.49641013469411976,435,432,41,20,75.33,26.1,36147,0.014524026890198383,0.16180660298307356,0.9698568198944989,0.07408786299329859,0.14594192107222637,0.07222635889798958,478920302,207317829,0.43288586458796646,0.09425287356321839,0.4662350955819293,36147,35622,14,6,135,10,196,2
Tvrdošín,2012,18044,0.6754045666149413,480,478,50,19,75.08,25.44,36010,0.030158289364065505,0.16180660298307356,0.9698568198944989,0.07408786299329859,0.14594192107222637,0.07222635889798958,478920302,206782375,0.43176782052559554,0.10416666666666667,0.5010830324909747,36010,34924,15,8,99,10,117,4
Tvrdošín,2016,19468,0.45212656667351553,743,740,53,32,75.22,24.85,36053,0.029012842204532263,0.16180660298307356,0.9698568198944989,0.07408786299329859,0.14594192107222637,0.07222635889798958,478920302,201328647,0.4203802723735859,0.07133243606998654,0.5399828030954428,36053,35007,17,11,110,15,209,5
Veľký Krtíš,2002,24337,0.35665858569256687,271,260,9,24,54.88,25.52,46550,0.31903329752953813,0.10912149981973321,0.9232913392739563,0.11020850257243434,0.12022745735174654,0.09233685350663418,848382044,531781573,0.6268185150321263,0.033210332103321034,0.5228141783029001,46550,31699,12711,86,253,4,12,0
Veľký Krtíš,2010,20221,0.37653924138272094,695,683,166,41,53.95,19.21,45654,0.3209138301134621,0.10912149981973321,0.9232913392739563,0.11020850257243434,0.12022745735174654,0.09233685350663418,848224258,528023231,0.6225042799943126,0.23884892086330936,0.44291847373724097,45654,31003,12353,85,295,10,28,4
Veľký Krtíš,2012,18805,0.49540015953203936,802,792,198,43,53.51,19.07,45280,0.34547261484098934,0.10912149981973321,0.9232913392739563,0.11020850257243434,0.12022745735174654,0.09233685350663418,848195086,527711965,0.6221587152651813,0.24688279301745636,0.4153047703180212,45280,29637,10842,63,175,10,15,2
Veľký Krtíš,2016,18491,0.285868801038343,1064,1059,184,37,52.29,18.94,44212,0.33233058898036727,0.10912149981973321,0.9232913392739563,0.11020850257243434,0.12022745735174654,0.09233685350663418,848182081,522981918,0.6165915664987975,0.17293233082706766,0.4182348683615308,44212,29519,10547,64,202,18,20,8
Vranov nad Topľou,2002,35364,0.49524940617577196,384,384,15,19,99.79,34.21,76839,0.08319993753172217,0.12619188946843307,0.9661614514064891,0.08530386740331491,0.15160220994475138,0.09281767955801105,769148558,404678877,0.526138770970692,0.0390625,0.4602350368953266,76839,70446,54,107,226,6,14,0
Vranov nad Topľou,2010,29816,0.6104775959216528,814,814,48,29,102.94,28.46,79313,0.08503019681515012,0.12619188946843307,0.9661614514064891,0.08530386740331491,0.15160220994475138,0.09281767955801105,769473965,402793036,0.5234654508421217,0.05896805896805897,0.3759282841400527,79313,72569,50,135,321,6,37,0
Vranov nad Topľou,2012,33110,0.6944729688915735,916,916,54,25,103.96,28.38,80046,0.15754691052644731,0.12619188946843307,0.9661614514064891,0.08530386740331491,0.15160220994475138,0.09281767955801105,769234159,402264847,0.5229419966515033,0.05895196506550218,0.4136371586337856,80046,67435,46,87,213,7,27,5
Vranov nad Topľou,2016,31433,0.350364266853307,1269,1267,44,22,104.62,27.95,80497,0.14973228815980721,0.12619188946843307,0.9661614514064891,0.08530386740331491,0.15160220994475138,0.09281767955801105,769233414,401355616,0.5217605068830252,0.03467297084318361,0.39048660198516716,80497,68444,56,116,304,12,53,6
Žarnovica,2002,15337,0.5747538632066245,120,116,10,5,64.86,25.36,27547,0.02911387809924859,0.15077427874034652,0.8979471274553241,0.06941544885177453,0.16440501043841335,0.10334029227557412,425548613,128172606,0.3011938050894317,0.08333333333333333,0.5567575416560787,27547,26745,34,72,124,9,34,3
Žarnovica,2010,13176,0.577109896782028,328,323,26,12,62.94,19.22,26712,0.0341419586702606,0.15077427874034652,0.8979471274553241,0.06941544885177453,0.16440501043841335,0.10334029227557412,425337434,127042243,0.2986857794416468,0.07926829268292683,0.49326145552560646,26712,25800,33,112,133,14,44,6
Žarnovica,2012,13093,0.7151149469182005,358,353,28,10,63.41,19.24,26915,0.09816087683447894,0.15077427874034652,0.8979471274553241,0.06941544885177453,0.16440501043841335,0.10334029227557412,425337434,126939274,0.29844369165023926,0.0782122905027933,0.48645736578116294,26915,24273,34,59,77,10,38,1
Žarnovica,2016,13017,0.4059307059998464,557,553,28,12,62.33,18.86,26452,0.08846212006653564,0.15077427874034652,0.8979471274553241,0.06941544885177453,0.16440501043841335,0.10334029227557412,425087708,125670965,0.2956353774407422,0.05026929982046679,0.49209889611371543,26452,24112,37,69,91,17,47,5
Žiar nad Hronom,2002,27634,0.5859448505464283,311,296,11,23,92.68,24.02,47884,0.04396040431041681,0.1592607599495768,0.8284081260742613,0.05742527653565545,0.1360320075311838,0.1400329489291598,517677752,203391273,0.39289166322913566,0.03536977491961415,0.5771029989140423,47884,45779,192,23,351,251,16,0
Žiar nad Hronom,2010,23194,0.5178925584202811,764,749,36,37,91.71,18.61,47424,0.04683282726045879,0.1592607599495768,0.8284081260742613,0.05742527653565545,0.1360320075311838,0.1400329489291598,517667235,197436601,0.38139674997974327,0.04712041884816754,0.4890772604588394,47424,45203,173,32,379,240,32,7
Žiar nad Hronom,2012,23184,0.684696342305038,854,841,45,34,92.98,18.85,48054,0.1391975694010904,0.1592607599495768,0.8284081260742613,0.05742527653565545,0.1360320075311838,0.1400329489291598,517659612,194943265,0.3765858113728988,0.05269320843091335,0.4824572356099388,48054,41365,118,35,209,211,18,0
Žiar nad Hronom,2016,23214,0.3970879641595589,1229,1217,49,39,91.42,19.22,47211,0.12518269047467756,0.1592607599495768,0.8284081260742613,0.05742527653565545,0.1360320075311838,0.1400329489291598,517659600,189947216,0.36693459563002406,0.03986981285598047,0.4917074410624643,47211,41301,121,38,231,208,25,6
Žilina,2002,88346,0.4869716795327462,2303,2283,133,154,192,25.47,156539,0.021374865049604286,0.22061818543079253,0.8810220161473363,0.026240407398238852,0.0978887435017859,0.1396541358701418,815077497,301686258,0.37013199249199735,0.057750759878419454,0.5643705402487559,156539,153193,127,51,1704,68,59,4
Žilina,2010,80051,0.5500118674345105,4836,4825,421,170,194.59,20.27,158771,0.02779474841123375,0.22061818543079253,0.8810220161473363,0.026240407398238852,0.0978887435017859,0.1396541358701418,815077497,293385218,0.3599476357522357,0.087055417700579,0.5041915715086508,158771,154358,147,63,1991,132,275,20
Žilina,2012,84337,0.7174905438893961,5469,5459,515,180,189.97,20.7,155084,0.06257254133243917,0.22061818543079253,0.8810220161473363,0.026240407398238852,0.0978887435017859,0.1396541358701418,815077497,291904201,0.35813060975722166,0.09416712378862681,0.5438149647932733,155084,145380,124,43,1223,69,97,17
Žilina,2016,85804,0.3986760523984896,8005,7993,806,203,192.15,21.83,156826,0.060417277747312315,0.22061818543079253,0.8810220161473363,0.026240407398238852,0.0978887435017859,0.1396541358701418,815077497,288594239,0.3540696928356004,0.10068707058088694,0.5471286648897504,156826,147351,144,58,1495,128,354,35
Zlaté Moravce,2002,25703,0.6080613157997121,216,209,16,16,83.38,25.22,43373,0.030341456666589828,0.15092585797803382,0.9295444664508961,0.07895584917821463,0.15758942958427327,0.10215920077344505,521176666,262432334,0.5035381495763281,0.07407407407407407,0.5926036935420653,43373,42057,474,25,230,14,23,1
Zlaté Moravce,2010,21754,0.6066010848579572,526,522,59,22,81.74,18.53,42597,0.03443904500316919,0.15092585797803382,0.9295444664508961,0.07895584917821463,0.15758942958427327,0.10215920077344505,521176585,260053211,0.49897332014637613,0.11216730038022814,0.5106932413080734,42597,41130,462,38,264,32,38,20
Zlaté Moravce,2012,22208,0.7214517291066282,610,606,55,21,79.34,18.26,41339,0.04997701927961484,0.15092585797803382,0.9295444664508961,0.07895584917821463,0.15758942958427327,0.10215920077344505,521176585,258364329,0.49573280234759587,0.09016393442622951,0.5372166719078836,41339,39273,422,30,171,11,20,5
Zlaté Moravce,2016,21722,0.3669551606666053,839,837,39,27,78.45,18.68,40797,0.04689070274775109,0.15092585797803382,0.9295444664508961,0.07895584917821463,0.15758942958427327,0.10215920077344505,521176713,258049012,0.4951276708328294,0.04648390941597139,0.532441110865995,40797,38884,424,46,202,20,36,14
Zvolen,2002,39367,0.5107069372824955,875,854,39,75,89.17,22.76,67697,0.03948476298802017,0.2311219718224877,0.7818376594235419,0.03664866009956572,0.08886770469229954,0.15517424001694735,759025877,286422114,0.37735487376539073,0.044571428571428574,0.5815176447996219,67697,65024,281,33,751,14,46,1
Zvolen,2010,33622,0.46127535542204506,1857,1839,111,89,88.98,18.54,67549,0.04555211772195,0.2311219718224877,0.7818376594235419,0.03664866009956572,0.08886770469229954,0.15517424001694735,759037017,283345582,0.3732961313532354,0.05977382875605816,0.4977423796059157,67549,64472,290,65,801,39,59,4
Zvolen,2012,33688,0.647322488720019,2088,2072,124,95,90.97,18.74,68994,0.13931646230106964,0.2311219718224877,0.7818376594235419,0.03664866009956572,0.08886770469229954,0.15517424001694735,759037017,281578221,0.37096770604535617,0.05938697318007663,0.48827434269646636,68994,59382,220,70,465,30,57,6
Zvolen,2016,34434,0.3698669919265842,2554,2542,151,83,90.82,19.34,68930,0.12968228637748436,0.2311219718224877,0.7818376594235419,0.03664866009956572,0.08886770469229954,0.15517424001694735,759006559,276812052,0.3647031092388755,0.0591229444009397,0.4995502683882199,68930,59991,249,79,538,60,65,11
